RID,Time_Departure,Distance,Weekday,Hour,Day,Signaltype,Time_Arrival,Speed_Per_Hour,Time_Driving,Address1,Address2
R00000,2023-01-01 00:00:00,112987.49553536139,Thu,13,26,27,2023-01-01 01:23:00,96.1912151477338,4228.0,서울특별시,상세주소0
R00001,2023-01-01 01:00:00,285263.57761656493,Sun,7,8,33,2023-01-01 05:54:00,39.67623338459404,25883.0,서울특별시,상세주소1
R00002,2023-01-01 02:00:00,219866.18860161013,Wed,18,16,14,2023-01-01 06:04:00,77.73319737264853,10182.0,경기도,상세주소2
R00003,2023-01-01 03:00:00,179998.88677491393,Sun,13,13,31,2023-01-01 04:12:00,28.17985033052708,22995.0,경기도,상세주소3
R00004,2023-01-01 04:00:00,47649.57349228852,Thu,9,13,25,2023-01-01 05:43:00,51.16088596818671,3352.0,경기도,상세주소4
R00005,2023-01-01 05:00:00,47642.36158052459,Sat,16,17,47,2023-01-01 09:31:00,60.441630588926486,2837.0,서울특별시,상세주소5
R00006,2023-01-01 06:00:00,18367.00003829164,Tue,8,23,30,2023-01-01 08:39:00,48.05017968593026,1376.0,경기도,상세주소6
R00007,2023-01-01 07:00:00,259986.66758670562,Sat,5,20,18,2023-01-01 10:43:00,56.613467963320794,16532.0,경기도,상세주소7
R00008,2023-01-01 08:00:00,180733.38851121944,Sun,10,5,8,2023-01-01 09:01:00,56.709097888422775,11473.0,경기도,상세주소8
R00009,2023-01-01 09:00:00,212713.7007610176,Tue,6,22,28,2023-01-01 11:15:00,76.13867100060128,10057.0,경기도,상세주소9
R00010,2023-01-01 10:00:00,7154.763794444932,Mon,16,21,38,2023-01-01 13:53:00,18.26496422026517,1410.0,충청남도,상세주소10
R00011,2023-01-01 11:00:00,291003.0457964363,Fri,0,28,3,2023-01-01 11:30:00,48.741605439438715,21493.0,경기도,상세주소11
R00012,2023-01-01 12:00:00,249900.3495993261,Sat,21,17,2,2023-01-01 16:34:00,85.09272695541912,10572.0,인천광역시,상세주소12
R00013,2023-01-01 13:00:00,64489.39409280457,Thu,4,28,28,2023-01-01 14:41:00,71.24959846633189,3258.0,서울특별시,상세주소13
R00014,2023-01-01 14:00:00,55365.66519492309,Mon,8,9,10,2023-01-01 14:44:00,85.42572524254027,2333.0,-,상세주소14
R00015,2023-01-01 15:00:00,55837.94844617671,Fri,17,2,32,2023-01-01 16:22:00,75.1757870954537,2673.0,경기도,상세주소15
R00016,2023-01-01 16:00:00,91968.43064490177,Thu,23,25,37,2023-01-01 16:37:00,38.32969785980379,8637.0,경기도,상세주소16
R00017,2023-01-01 17:00:00,157902.1730580391,Wed,20,26,10,2023-01-01 18:15:00,73.21794342239153,7763.0,경기도,상세주소17
R00018,2023-01-01 18:00:00,130151.56057399261,Thu,1,18,26,2023-01-01 20:23:00,62.003856001855254,7556.0,경기도,상세주소18
R00019,2023-01-01 19:00:00,88077.51291921453,Tue,10,9,32,2023-01-01 21:56:00,105.36122663585982,3009.0,서울특별시,상세주소19
R00020,2023-01-01 20:00:00,183944.01552199147,Tue,5,6,20,2023-01-01 23:15:00,76.04329164988819,8708.0,경기도,상세주소20
R00021,2023-01-01 21:00:00,42708.66433496051,Wed,7,11,38,2023-01-01 23:48:00,70.46734815355201,2181.0,경기도,상세주소21
R00022,2023-01-01 22:00:00,88351.24991203022,Mon,3,25,30,2023-01-02 00:26:00,73.38848526682622,4333.0,충청남도,상세주소22
R00023,2023-01-01 23:00:00,110542.19114481381,Fri,17,29,37,2023-01-02 02:27:00,69.37691083333247,5736.0,서울특별시,상세주소23
R00024,2023-01-02 00:00:00,137364.92528089375,Thu,10,6,45,2023-01-02 03:03:00,68.83602255492146,7183.0,경기도,상세주소24
R00025,2023-01-02 01:00:00,235767.61245651107,Tue,4,6,1,2023-01-02 04:50:00,54.674132612061626,15524.0,경기도,상세주소25
R00026,2023-01-02 02:00:00,60702.46086534956,Mon,14,13,26,2023-01-02 04:24:00,70.70945774040001,3090.0,경기도,상세주소26
R00027,2023-01-02 03:00:00,154756.09708566987,Wed,17,11,35,2023-01-02 06:08:00,78.96933360545391,7054.0,강원도,상세주소27
R00028,2023-01-02 04:00:00,178131.9560897507,Sun,1,14,10,2023-01-02 05:11:00,81.2065613806417,7896.0,충청남도,상세주소28
R00029,2023-01-02 05:00:00,14888.67340327932,Sat,21,2,46,2023-01-02 09:36:00,78.78233639207028,680.0,충청남도,상세주소29
R00030,2023-01-02 06:00:00,182655.91071853007,Sun,10,8,17,2023-01-02 07:37:00,90.16127292304144,7293.0,강원도,상세주소30
R00031,2023-01-02 07:00:00,51986.71298250017,Sun,12,3,0,2023-01-02 10:45:00,82.45784246607849,2269.0,서울특별시,상세주소31
R00032,2023-01-02 08:00:00,20450.426302598575,Tue,3,23,34,2023-01-02 09:59:00,72.5703582820154,1014.0,경기도,상세주소32
R00033,2023-01-02 09:00:00,284716.7756387466,Wed,21,21,34,2023-01-02 11:20:00,37.126784006725956,27607.0,서울특별시,상세주소33
R00034,2023-01-02 10:00:00,289723.9778892932,Thu,6,3,30,2023-01-02 12:54:00,37.13463354341832,28087.0,인천광역시,상세주소34
R00035,2023-01-02 11:00:00,242710.80708682188,Sun,10,1,27,2023-01-02 14:28:00,55.03731193477299,15875.0,충청남도,상세주소35
R00036,2023-01-02 12:00:00,92079.51698283784,Sun,21,24,38,2023-01-02 16:30:00,60.93507372095438,5439.0,서울특별시,상세주소36
R00037,2023-01-02 13:00:00,30203.962087908778,Fri,23,19,0,2023-01-02 16:02:00,87.96003062406524,1236.0,서울특별시,상세주소37
R00038,2023-01-02 14:00:00,205585.6749271349,Tue,3,18,24,2023-01-02 16:13:00,10.0,74010.0,강원도,상세주소38
R00039,2023-01-02 15:00:00,132605.59562814079,Tue,14,17,42,2023-01-02 16:44:00,39.335874745138085,12135.0,경기도,상세주소39
R00040,2023-01-02 16:00:00,37489.43221858887,Thu,0,20,37,2023-01-02 18:37:00,56.11558171070327,2405.0,충청남도,상세주소40
R00041,2023-01-02 17:00:00,149057.89612326978,Sat,22,29,19,2023-01-02 20:48:00,40.06284742734623,13394.0,경기도,상세주소41
R00042,2023-01-02 18:00:00,11282.1678134503,Mon,2,24,2,2023-01-02 21:03:00,44.03785323259471,922.0,서울특별시,상세주소42
R00043,2023-01-02 19:00:00,272886.8002215558,Fri,13,13,1,2023-01-02 20:25:00,360.8610403884745,2722.0,경기도,상세주소43
R00044,2023-01-02 20:00:00,78375.21449840505,Tue,5,3,17,2023-01-02 20:48:00,41.083482718514624,6867.0,서울특별시,상세주소44
R00045,2023-01-02 21:00:00,199094.16302184062,Fri,17,30,43,2023-01-03 00:08:00,44.55151345169047,16087.0,서울특별시,상세주소45
R00046,2023-01-02 22:00:00,94201.61175073388,Tue,0,1,9,2023-01-02 22:55:00,87.26465127388904,3886.0,경기도,상세주소46
R00047,2023-01-02 23:00:00,156500.33833216544,Fri,5,4,4,2023-01-03 02:18:00,72.28636680323959,7794.0,충청남도,상세주소47
R00048,2023-01-03 00:00:00,164466.37352364062,Wed,5,25,8,2023-01-03 00:52:00,75.27886689484008,7865.0,서울특별시,상세주소48
R00049,2023-01-03 01:00:00,56271.48220213258,Sun,20,13,1,2023-01-03 02:16:00,59.317544850840896,3415.0,인천광역시,상세주소49
R00050,2023-01-03 02:00:00,290905.803701603,Tue,15,17,33,2023-01-03 02:42:00,80.22210425343522,13054.0,경기도,상세주소50
R00051,2023-01-03 03:00:00,232764.71418497324,Fri,4,28,37,2023-01-03 07:06:00,76.95596635945569,10888.0,충청남도,상세주소51
R00052,2023-01-03 04:00:00,281910.18352769257,Mon,16,30,30,2023-01-03 07:43:00,71.97075828880722,14101.0,경기도,상세주소52
R00053,2023-01-03 05:00:00,268553.377777867,Wed,9,11,9,2023-01-03 07:53:00,46.916718897157786,20606.0,경기도,상세주소53
R00054,2023-01-03 06:00:00,179772.09366451445,Wed,20,2,49,2023-01-03 07:42:00,51.15925703220249,12650.0,경기도,상세주소54
R00055,2023-01-03 07:00:00,276640.3962719119,Mon,17,25,11,2023-01-03 10:05:00,81.16260197464737,12270.0,서울특별시,상세주소55
R00056,2023-01-03 08:00:00,27459.25811352393,Fri,6,16,35,2023-01-03 09:46:00,49.6653251709809,1990.0,충청남도,상세주소56
R00057,2023-01-03 09:00:00,59598.875863324414,Thu,2,2,20,2023-01-03 12:18:00,34.22951727471089,6268.0,경기도,상세주소57
R00058,2023-01-03 10:00:00,14522.959384250882,Mon,12,29,48,2023-01-03 11:54:00,49.27963850472044,1060.0,경기도,상세주소58
R00059,2023-01-03 11:00:00,98273.76889821603,Fri,14,19,46,2023-01-03 14:31:00,91.18811364438238,3879.0,충청남도,상세주소59
R00060,2023-01-03 12:00:00,117214.50961715513,Mon,19,23,5,2023-01-03 14:21:00,49.29926671216806,8559.0,서울특별시,상세주소60
R00061,2023-01-03 13:00:00,82133.36050039488,Mon,18,19,47,2023-01-03 17:19:00,66.55309583973384,4442.0,인천광역시,상세주소61
R00062,2023-01-03 14:00:00,248792.51523642687,Tue,2,25,48,2023-01-03 16:05:00,47.686241492571035,18782.0,경기도,상세주소62
R00063,2023-01-03 15:00:00,107669.24468138319,Fri,3,16,2,2023-01-03 18:17:00,75.26851108970732,5149.0,인천광역시,상세주소63
R00064,2023-01-03 16:00:00,84999.41839652685,Thu,4,22,9,2023-01-03 19:05:00,70.73598381406045,4325.0,경기도,상세주소64
R00065,2023-01-03 17:00:00,163266.1288643163,Sun,0,19,4,2023-01-03 19:14:00,30.17630517669275,19477.0,-,상세주소65
R00066,2023-01-03 18:00:00,43136.34326745403,Tue,3,9,45,2023-01-03 21:42:00,65.36063974171961,2375.0,서울특별시,상세주소66
R00067,2023-01-03 19:00:00,240856.89724545786,Mon,11,1,25,2023-01-03 21:41:00,26.348262254028654,32908.0,서울특별시,상세주소67
R00068,2023-01-03 20:00:00,23290.642460251474,Sun,23,10,20,2023-01-03 22:47:00,48.91864405142181,1713.0,경기도,상세주소68
R00069,2023-01-03 21:00:00,296079.19404355466,Sat,9,19,44,2023-01-04 01:59:00,59.77132166735245,17832.0,경기도,상세주소69
R00070,2023-01-03 22:00:00,231901.18601970057,Sun,22,1,25,2023-01-03 23:07:00,96.93731830924993,8612.0,경기도,상세주소70
R00071,2023-01-03 23:00:00,60415.98877871755,Mon,20,2,37,2023-01-04 00:14:00,66.35824930198353,3277.0,경기도,상세주소71
R00072,2023-01-04 00:00:00,2651.113019957117,Mon,19,16,43,2023-01-04 03:12:00,44.658278254739145,213.0,경기도,상세주소72
R00073,2023-01-04 01:00:00,244822.9671079954,Fri,23,12,25,2023-01-04 05:42:00,53.65579794966799,16426.0,인천광역시,상세주소73
R00074,2023-01-04 02:00:00,212350.34581043752,Fri,12,8,7,2023-01-04 05:18:00,78.48393548885008,9740.0,경기도,상세주소74
R00075,2023-01-04 03:00:00,218973.14324425522,Tue,22,23,4,2023-01-04 03:49:00,44.92966316520066,17545.0,인천광역시,상세주소75
R00076,2023-01-04 04:00:00,231609.83365909779,Thu,13,18,14,2023-01-04 08:28:00,81.93956996002981,10175.0,경기도,상세주소76
R00077,2023-01-04 05:00:00,23139.350868493017,Tue,22,2,15,2023-01-04 09:59:00,49.53897443905209,1681.0,경기도,상세주소77
R00078,2023-01-04 06:00:00,108181.2528347375,Wed,4,25,0,2023-01-04 07:00:00,41.69361688975765,9340.0,인천광역시,상세주소78
R00079,2023-01-04 07:00:00,35644.84879801379,Mon,3,29,15,2023-01-04 09:13:00,50.17994078194458,2557.0,인천광역시,상세주소79
R00080,2023-01-04 08:00:00,259067.92433680248,Sun,13,13,36,2023-01-04 11:19:00,27.674311918238608,33700.0,서울특별시,상세주소80
R00081,2023-01-04 09:00:00,187366.1399214398,Sat,9,6,2,2023-01-04 12:35:00,16.548460376980778,40760.0,경기도,상세주소81
R00082,2023-01-04 10:00:00,99938.50943094211,Mon,16,21,46,2023-01-04 12:37:00,58.34929221358282,6165.0,서울특별시,상세주소82
R00083,2023-01-04 11:00:00,20003.946735521065,Mon,9,26,30,2023-01-04 14:59:00,58.65404243312881,1227.0,서울특별시,상세주소83
R00084,2023-01-04 12:00:00,93983.714192983,Tue,6,6,12,2023-01-04 16:42:00,65.12923569073332,5194.0,경기도,상세주소84
R00085,2023-01-04 13:00:00,98229.81328599737,Sat,15,9,15,2023-01-04 13:48:00,58.250516305488546,6070.0,서울특별시,상세주소85
R00086,2023-01-04 14:00:00,219152.24732308116,Sat,0,16,42,2023-01-04 17:49:00,106.58506248211646,7402.0,서울특별시,상세주소86
R00087,2023-01-04 15:00:00,191629.6839352087,Sat,16,11,20,2023-01-04 19:09:00,63.36818686545394,10886.0,경기도,상세주소87
R00088,2023-01-04 16:00:00,266276.61003032164,Tue,20,7,1,2023-01-04 18:45:00,32.4707428776679,29521.0,강원도,상세주소88
R00089,2023-01-04 17:00:00,142192.26262342284,Mon,8,10,26,2023-01-04 21:12:00,37.601702885948335,13613.0,인천광역시,상세주소89
R00090,2023-01-04 18:00:00,36758.67953555221,Tue,5,10,37,2023-01-04 18:32:00,60.00609338697456,2205.0,경기도,상세주소90
R00091,2023-01-04 19:00:00,214260.1913796755,Fri,18,30,25,2023-01-04 23:25:00,51.29146764883059,15038.0,서울특별시,상세주소91
R00092,2023-01-04 20:00:00,228474.72953645233,Fri,12,25,37,2023-01-05 00:17:00,35.43040205673071,23214.0,경기도,상세주소92
R00093,2023-01-04 21:00:00,168821.88207327938,Tue,2,20,45,2023-01-04 23:51:00,58.82303834734274,10331.0,충청남도,상세주소93
R00094,2023-01-04 22:00:00,231519.18680641372,Sat,6,18,24,2023-01-04 22:38:00,59.11551541235316,14098.0,서울특별시,상세주소94
R00095,2023-01-04 23:00:00,148644.88331295282,Mon,21,28,10,2023-01-05 02:39:00,91.9138746699343,5821.0,경기도,상세주소95
R00096,2023-01-05 00:00:00,157297.11598521622,Tue,8,24,7,2023-01-05 03:14:00,41.67820585755808,13586.0,경기도,상세주소96
R00097,2023-01-05 01:00:00,128834.76448920634,Tue,21,20,7,2023-01-05 03:48:00,51.64544388183654,8980.0,경기도,상세주소97
R00098,2023-01-05 02:00:00,8600.318896484461,Tue,4,29,32,2023-01-05 03:22:00,91.85232778191263,337.0,서울특별시,상세주소98
R00099,2023-01-05 03:00:00,33259.53667099803,Wed,9,9,6,2023-01-05 06:24:00,66.57172415861218,1798.0,인천광역시,상세주소99
R00100,2023-01-05 04:00:00,10397.326520333541,Fri,22,15,37,2023-01-05 06:19:00,41.56090544961236,900.0,경기도,상세주소100
R00101,2023-01-05 05:00:00,191286.71296787035,Sun,16,4,20,2023-01-05 08:52:00,45.70535630978182,15066.0,경기도,상세주소101
R00102,2023-01-05 06:00:00,94992.43834182167,Sat,11,8,7,2023-01-05 08:45:00,35.71682489930677,9574.0,경기도,상세주소102
R00103,2023-01-05 07:00:00,153062.63665824613,Thu,22,9,20,2023-01-05 07:33:00,61.545452553473204,8953.0,경기도,상세주소103
R00104,2023-01-05 08:00:00,272362.3757039018,Sun,15,13,19,2023-01-05 11:04:00,80.62319969671341,12161.0,경기도,상세주소104
R00105,2023-01-05 09:00:00,75538.3765155136,Sat,2,9,7,2023-01-05 12:21:00,92.61802551264651,2936.0,서울특별시,상세주소105
R00106,2023-01-05 10:00:00,123704.49398765329,Thu,21,26,45,2023-01-05 11:16:00,30.274365381304456,14710.0,서울특별시,상세주소106
R00107,2023-01-05 11:00:00,226909.79042437155,Wed,8,4,30,2023-01-05 13:03:00,77.3823447396666,10556.0,-,상세주소107
R00108,2023-01-05 12:00:00,69410.65148199511,Tue,14,17,49,2023-01-05 13:17:00,63.28625595601097,3948.0,강원도,상세주소108
R00109,2023-01-05 13:00:00,24016.993038809105,Wed,4,16,28,2023-01-05 17:29:00,54.76139270326505,1578.0,서울특별시,상세주소109
R00110,2023-01-05 14:00:00,87635.68442121665,Wed,22,15,47,2023-01-05 18:02:00,51.65323920241367,6107.0,인천광역시,상세주소110
R00111,2023-01-05 15:00:00,49205.16488894732,Sun,12,3,8,2023-01-05 17:48:00,21.581363282105713,8207.0,-,상세주소111
R00112,2023-01-05 16:00:00,278979.59805042937,Mon,13,25,14,2023-01-05 19:54:00,72.75997258136492,13803.0,경기도,상세주소112
R00113,2023-01-05 17:00:00,242627.99348976067,Sun,19,20,29,2023-01-05 18:42:00,33.622864483133014,25978.0,경기도,상세주소113
R00114,2023-01-05 18:00:00,190387.72319661663,Fri,14,5,25,2023-01-05 18:33:00,45.03608369884583,15218.0,경기도,상세주소114
R00115,2023-01-05 19:00:00,261566.7164661276,Thu,15,23,9,2023-01-05 20:45:00,68.35969269106593,13774.0,서울특별시,상세주소115
R00116,2023-01-05 20:00:00,241297.95099283522,Tue,22,5,28,2023-01-05 21:46:00,23.66728859101788,36703.0,인천광역시,상세주소116
R00117,2023-01-05 21:00:00,56784.44760692472,Sun,12,20,15,2023-01-06 01:45:00,33.58412114370601,6086.0,경기도,상세주소117
R00118,2023-01-05 22:00:00,267875.1405485034,Thu,16,15,35,2023-01-06 00:11:00,84.3732531828708,11429.0,서울특별시,상세주소118
R00119,2023-01-05 23:00:00,162263.33033277956,Sat,22,18,19,2023-01-06 01:15:00,62.44117759145459,9355.0,서울특별시,상세주소119
R00120,2023-01-06 00:00:00,242424.6063940547,Thu,7,15,44,2023-01-06 01:08:00,46.75597265751254,18665.0,경기도,상세주소120
R00121,2023-01-06 01:00:00,268931.2986771245,Sat,20,2,36,2023-01-06 02:57:00,62.51992308607019,15485.0,경기도,상세주소121
R00122,2023-01-06 02:00:00,96083.0390165873,Sun,1,29,21,2023-01-06 06:00:00,73.38952675019473,4713.0,경기도,상세주소122
R00123,2023-01-06 03:00:00,33905.52543377535,Fri,4,13,6,2023-01-06 04:46:00,82.49535782475354,1479.0,경기도,상세주소123
R00124,2023-01-06 04:00:00,69152.61360004057,Sun,5,4,22,2023-01-06 05:46:00,37.75129649280423,6594.0,충청남도,상세주소124
R00125,2023-01-06 05:00:00,128705.22879925063,Sat,11,10,40,2023-01-06 05:57:00,39.50323674175644,11729.0,충청남도,상세주소125
R00126,2023-01-06 06:00:00,245586.41501082544,Thu,17,13,39,2023-01-06 10:34:00,72.16686597357455,12250.0,충청남도,상세주소126
R00127,2023-01-06 07:00:00,,Thu,21,10,28,2023-01-06 08:35:00,72.80825137000203,12774.0,인천광역시,상세주소127
R00128,2023-01-06 08:00:00,3078.68702882602,Sat,21,29,15,2023-01-06 12:55:00,33.12062036459767,334.0,인천광역시,상세주소128
R00129,2023-01-06 09:00:00,153713.44347069215,Wed,0,9,37,2023-01-06 12:54:00,40.25378649022406,13746.0,서울특별시,상세주소129
R00130,2023-01-06 10:00:00,125805.88994148491,Fri,16,8,27,2023-01-06 11:27:00,56.12505398277092,8069.0,서울특별시,상세주소130
R00131,2023-01-06 11:00:00,67410.23533074834,Mon,10,3,47,2023-01-06 14:50:00,60.471524888610226,4013.0,서울특별시,상세주소131
R00132,2023-01-06 12:00:00,36839.74483277116,Tue,9,16,37,2023-01-06 16:14:00,61.03859754609063,2172.0,서울특별시,상세주소132
R00133,2023-01-06 13:00:00,101946.93624968476,Thu,18,14,30,2023-01-06 15:51:00,32.81352386635122,11184.0,경기도,상세주소133
R00134,2023-01-06 14:00:00,282930.0014698432,Tue,13,9,13,2023-01-06 15:53:00,60.83655541006976,16742.0,인천광역시,상세주소134
R00135,2023-01-06 15:00:00,97637.67667420581,Mon,9,30,32,2023-01-06 17:52:00,45.652586102591144,7699.0,경기도,상세주소135
R00136,2023-01-06 16:00:00,156118.39590126646,Sun,14,21,8,2023-01-06 17:02:00,36.67364746819341,15325.0,서울특별시,상세주소136
R00137,2023-01-06 17:00:00,211202.66870965817,Tue,18,11,26,2023-01-06 20:01:00,59.78007903177262,12718.0,서울특별시,상세주소137
R00138,2023-01-06 18:00:00,109725.2511114089,Mon,3,3,23,2023-01-06 21:07:00,57.74012740624636,6841.0,경기도,상세주소138
R00139,2023-01-06 19:00:00,291562.84273356723,Sat,1,5,12,2023-01-06 21:50:00,76.03386476511953,13804.0,-,상세주소139
R00140,2023-01-06 20:00:00,288771.7411876913,Wed,8,29,25,2023-01-07 00:40:00,42.780632654730894,24300.0,경기도,상세주소140
R00141,2023-01-06 21:00:00,76282.90645178389,Thu,9,10,28,2023-01-06 23:21:00,64.70340873957161,,경기도,상세주소141
R00142,2023-01-06 22:00:00,149677.30326182325,Mon,10,13,48,2023-01-07 00:53:00,28.626496231428188,18823.0,경기도,상세주소142
R00143,2023-01-06 23:00:00,90962.61463521412,Tue,13,4,42,2023-01-07 02:58:00,54.50288645574953,6008.0,충청남도,상세주소143
R00144,2023-01-07 00:00:00,86167.30781886281,Thu,6,24,27,2023-01-07 04:13:00,69.27355669991312,4477.0,서울특별시,상세주소144
R00145,2023-01-07 01:00:00,12029.197259005306,Wed,22,13,27,2023-01-07 02:12:00,70.96042454238263,610.0,서울특별시,상세주소145
R00146,2023-01-07 02:00:00,183259.73585998916,Sat,14,12,7,2023-01-07 06:53:00,71.09667591937284,9279.0,충청남도,상세주소146
R00147,2023-01-07 03:00:00,151301.02794542958,Sun,21,5,22,2023-01-07 07:33:00,76.08751594500664,7158.0,경기도,상세주소147
R00148,2023-01-07 04:00:00,16392.146623746816,Thu,18,10,28,2023-01-07 04:32:00,51.0842033229508,1155.0,경기도,상세주소148
R00149,2023-01-07 05:00:00,84315.29280674682,Sun,21,28,4,2023-01-07 07:34:00,69.91450876845929,4341.0,경기도,상세주소149
R00150,2023-01-07 06:00:00,272571.4999040295,Mon,14,24,41,2023-01-07 10:57:00,97.37489525083244,10077.0,인천광역시,상세주소150
R00151,2023-01-07 07:00:00,72629.00530942476,Wed,23,9,6,2023-01-07 08:53:00,50.657347007883416,5161.0,서울특별시,상세주소151
R00152,2023-01-07 08:00:00,44323.56675527571,Tue,7,20,41,2023-01-07 08:45:00,87.60396031796063,1821.0,경기도,상세주소152
R00153,2023-01-07 09:00:00,147346.37532299134,Wed,10,7,35,2023-01-07 10:28:00,77.52945911083404,6841.0,경기도,상세주소153
R00154,2023-01-07 10:00:00,295709.4857790696,Wed,8,2,40,2023-01-07 13:26:00,54.67353135314305,19471.0,경기도,상세주소154
R00155,2023-01-07 11:00:00,73374.52618193862,Fri,14,22,26,2023-01-07 12:32:00,56.342489976447794,4688.0,서울특별시,상세주소155
R00156,2023-01-07 12:00:00,201968.5286743577,Wed,0,24,45,2023-01-07 13:18:00,62.36804719334439,11658.0,경기도,상세주소156
R00157,2023-01-07 13:00:00,228724.26498328656,Wed,0,28,1,2023-01-07 17:35:00,76.403299880632,10777.0,경기도,상세주소157
R00158,2023-01-07 14:00:00,72053.6256537275,Thu,18,23,24,2023-01-07 14:44:00,68.05269263067026,3811.0,경기도,상세주소158
R00159,2023-01-07 15:00:00,218736.68823494602,Tue,2,7,8,2023-01-07 19:44:00,50.50004805563635,15593.0,서울특별시,상세주소159
R00160,2023-01-07 16:00:00,110967.15668305672,Thu,9,8,26,2023-01-07 18:01:00,18.35893996475744,21759.0,서울특별시,상세주소160
R00161,2023-01-07 17:00:00,190059.44334748026,Thu,7,7,0,2023-01-07 20:55:00,73.44347917837638,9316.0,서울특별시,상세주소161
R00162,2023-01-07 18:00:00,190425.38351750752,Mon,14,21,22,2023-01-07 20:03:00,21.350045499126153,32109.0,서울특별시,상세주소162
R00163,2023-01-07 19:00:00,161196.6305383528,Thu,9,23,9,2023-01-07 23:14:00,32.68040586099809,17757.0,서울특별시,상세주소163
R00164,2023-01-07 20:00:00,27996.641246268082,Fri,0,29,41,2023-01-07 23:48:00,51.95045610596642,1940.0,-,상세주소164
R00165,2023-01-07 21:00:00,250755.44618118217,Fri,17,14,24,2023-01-08 01:23:00,35.718428006619206,25273.0,경기도,상세주소165
R00166,2023-01-07 22:00:00,96913.23942654901,Sun,1,26,2,2023-01-07 23:15:00,66.35056855606983,5258.0,서울특별시,상세주소166
R00167,2023-01-07 23:00:00,56769.03460955642,Mon,18,19,5,2023-01-08 00:33:00,54.07623600765474,3779.0,서울특별시,상세주소167
R00168,2023-01-08 00:00:00,13191.76732487441,Sun,12,5,5,2023-01-08 04:19:00,75.70461960844911,627.0,경기도,상세주소168
R00169,2023-01-08 01:00:00,177676.9900132843,Sun,21,23,1,2023-01-08 05:38:00,27.845649335586522,22970.0,인천광역시,상세주소169
R00170,2023-01-08 02:00:00,203591.74419084244,Sat,0,25,17,2023-01-08 06:35:00,46.76204567626404,15673.0,경기도,상세주소170
R00171,2023-01-08 03:00:00,5959.76084942899,Tue,1,18,22,2023-01-08 04:44:00,60.08398754658458,357.0,경기도,상세주소171
R00172,2023-01-08 04:00:00,154115.824431485,Tue,15,20,1,2023-01-08 07:06:00,60.85456261011912,9117.0,경기도,상세주소172
R00173,2023-01-08 05:00:00,68722.23678418345,Thu,14,12,11,2023-01-08 09:12:00,73.88072810953443,3348.0,경기도,상세주소173
R00174,2023-01-08 06:00:00,193906.6643324255,Thu,12,23,21,2023-01-08 09:39:00,41.708228392129115,16736.0,서울특별시,상세주소174
R00175,2023-01-08 07:00:00,53135.56227249244,Sat,15,17,36,2023-01-08 08:21:00,50.639794299940014,3777.0,서울특별시,상세주소175
R00176,2023-01-08 08:00:00,,Thu,16,13,19,2023-01-08 09:57:00,70.14699321760739,10653.0,인천광역시,상세주소176
R00177,2023-01-08 09:00:00,116633.86854386069,Tue,20,2,38,2023-01-08 10:35:00,16.028785212859788,26195.0,인천광역시,상세주소177
R00178,2023-01-08 10:00:00,281082.26663228363,Sun,6,25,23,2023-01-08 12:59:00,67.69870503784585,14947.0,경기도,상세주소178
R00179,2023-01-08 11:00:00,42118.76229965198,Wed,23,13,47,2023-01-08 11:49:00,75.27897231389845,2014.0,서울특별시,상세주소179
R00180,2023-01-08 12:00:00,102978.8389640273,Fri,16,26,19,2023-01-08 13:02:00,33.326785546435204,11123.0,충청남도,상세주소180
R00181,2023-01-08 13:00:00,34928.58285093613,Wed,6,7,0,2023-01-08 14:15:00,53.69954103429974,2341.0,경기도,상세주소181
R00182,2023-01-08 14:00:00,277483.3918652903,Wed,12,28,0,2023-01-08 15:42:00,89.85319633014294,11117.0,서울특별시,상세주소182
R00183,2023-01-08 15:00:00,263324.4666609133,Tue,4,10,16,2023-01-08 17:42:00,73.19656595462295,12950.0,인천광역시,상세주소183
R00184,2023-01-08 16:00:00,78124.54668683153,Wed,16,23,0,2023-01-08 17:24:00,68.93944545941733,4079.0,서울특별시,상세주소184
R00185,2023-01-08 17:00:00,198335.22976421952,Sat,2,6,44,2023-01-08 18:30:00,79.81918630248973,8945.0,경기도,상세주소185
R00186,2023-01-08 18:00:00,245349.43786016354,Mon,6,3,29,2023-01-08 18:37:00,96.09090235225005,9191.0,경기도,상세주소186
R00187,2023-01-08 19:00:00,167005.04266823924,Thu,16,26,40,2023-01-08 23:35:00,60.37068139636744,9958.0,서울특별시,상세주소187
R00188,2023-01-08 20:00:00,159365.52292844595,Mon,6,3,46,2023-01-08 23:25:00,51.85621991555951,11063.0,-,상세주소188
R00189,2023-01-08 21:00:00,73313.83497923505,Sun,20,18,2,2023-01-08 23:25:00,79.77076821947864,3308.0,경기도,상세주소189
R00190,2023-01-08 22:00:00,28837.727573963864,Fri,0,11,45,2023-01-09 01:42:00,56.250937281009804,1845.0,-,상세주소190
R00191,2023-01-08 23:00:00,269267.5116280447,Thu,16,22,10,2023-01-09 01:59:00,41.439626839621134,23392.0,경기도,상세주소191
R00192,2023-01-09 00:00:00,270224.9990918358,Wed,16,20,23,2023-01-09 02:40:00,49.198674940255145,19773.0,경기도,상세주소192
R00193,2023-01-09 01:00:00,190297.3357247071,Fri,10,5,21,2023-01-09 03:11:00,66.24659164116763,10341.0,서울특별시,상세주소193
R00194,2023-01-09 02:00:00,102369.9075235615,Thu,2,19,43,2023-01-09 06:59:00,51.00808395178238,7224.0,서울특별시,상세주소194
R00195,2023-01-09 03:00:00,105413.66280918561,Sat,14,22,44,2023-01-09 06:59:00,52.500495051441725,7228.0,경기도,상세주소195
R00196,2023-01-09 04:00:00,218060.74798220157,Sat,20,27,25,2023-01-09 05:36:00,39.45368370709592,19897.0,경기도,상세주소196
R00197,2023-01-09 05:00:00,269235.96772582055,Sat,10,28,12,2023-01-09 05:39:00,88.70733032405624,10926.0,충청남도,상세주소197
R00198,2023-01-09 06:00:00,266238.8408552701,Sat,15,19,0,2023-01-09 07:18:00,53.14746560625058,18033.0,-,상세주소198
R00199,2023-01-09 07:00:00,234182.78821142955,Wed,21,30,23,2023-01-09 09:20:00,45.76978058769521,18419.0,경기도,상세주소199
R00200,2023-01-09 08:00:00,192967.46220013205,Mon,8,15,9,2023-01-09 12:08:00,47.897543867887734,14503.0,경기도,상세주소200
R00201,2023-01-09 09:00:00,26157.849533519602,Thu,23,30,34,2023-01-09 10:26:00,76.05051949924288,1238.0,인천광역시,상세주소201
R00202,2023-01-09 10:00:00,49326.98551428952,Wed,23,16,23,2023-01-09 12:22:00,71.46397157006325,2484.0,서울특별시,상세주소202
R00203,2023-01-09 11:00:00,269667.7023695967,Sat,0,24,27,2023-01-09 13:42:00,49.96290591714255,19430.0,경기도,상세주소203
R00204,2023-01-09 12:00:00,182322.28883821738,Sun,21,9,35,2023-01-09 13:40:00,60.646260759508394,10822.0,강원도,상세주소204
R00205,2023-01-09 13:00:00,3749.9184333722646,Mon,15,4,15,2023-01-09 14:52:00,65.53408847704969,205.0,경기도,상세주소205
R00206,2023-01-09 14:00:00,31339.9913169436,Sun,8,15,39,2023-01-09 15:26:00,45.91838614988789,2457.0,서울특별시,상세주소206
R00207,2023-01-09 15:00:00,199387.0289633087,Fri,18,25,15,2023-01-09 17:20:00,29.18754425220014,24592.0,서울특별시,상세주소207
R00208,2023-01-09 16:00:00,2513.4135700193874,Sun,11,12,16,2023-01-09 17:45:00,70.3007483886249,128.0,서울특별시,상세주소208
R00209,2023-01-09 17:00:00,49081.6073738321,Fri,18,23,14,2023-01-09 20:07:00,47.025316720034496,3757.0,경기도,상세주소209
R00210,2023-01-09 18:00:00,165071.40302060926,Fri,21,3,15,2023-01-09 18:49:00,68.80696700767838,8636.0,서울특별시,상세주소210
R00211,2023-01-09 19:00:00,207876.6641101153,Sat,8,23,14,2023-01-09 21:40:00,66.42053284495087,11266.0,-,상세주소211
R00212,2023-01-09 20:00:00,195936.41659127755,Fri,6,14,33,2023-01-09 22:31:00,61.11584602511023,11541.0,서울특별시,상세주소212
R00213,2023-01-09 21:00:00,68056.52352870737,Tue,13,17,10,2023-01-09 22:10:00,51.47745702420663,4759.0,서울특별시,상세주소213
R00214,2023-01-09 22:00:00,,Thu,18,19,0,2023-01-10 01:16:00,47.32143554968362,16275.0,경기도,상세주소214
R00215,2023-01-09 23:00:00,71937.47716154323,Thu,18,6,14,2023-01-10 01:39:00,37.23165189927552,6955.0,충청남도,상세주소215
R00216,2023-01-10 00:00:00,98294.50974962105,Sat,1,4,25,2023-01-10 00:52:00,47.70504091221822,7417.0,-,상세주소216
R00217,2023-01-10 01:00:00,224200.93013028923,Tue,8,7,3,2023-01-10 05:40:00,71.37630023100375,11308.0,인천광역시,상세주소217
R00218,2023-01-10 02:00:00,195240.23681511718,Sun,12,30,42,2023-01-10 02:38:00,87.95651484247988,7991.0,서울특별시,상세주소218
R00219,2023-01-10 03:00:00,254917.7997377592,Wed,14,19,4,2023-01-10 03:42:00,85.02198684484637,10793.0,-,상세주소219
R00220,2023-01-10 04:00:00,197626.25479780266,Sun,2,17,34,2023-01-10 05:21:00,62.9084603234976,11309.0,경기도,상세주소220
R00221,2023-01-10 05:00:00,170924.27239730602,Wed,10,25,12,2023-01-10 08:58:00,87.94588121363275,6996.0,서울특별시,상세주소221
R00222,2023-01-10 06:00:00,29008.75558059965,Fri,20,16,9,2023-01-10 07:07:00,53.8636474427844,1938.0,서울특별시,상세주소222
R00223,2023-01-10 07:00:00,110947.02511477063,Mon,13,15,10,2023-01-10 09:09:00,34.17906634969859,11685.0,서울특별시,상세주소223
R00224,2023-01-10 08:00:00,80295.50793683591,Wed,7,22,17,2023-01-10 11:42:00,98.41748838420551,2937.0,충청남도,상세주소224
R00225,2023-01-10 09:00:00,73952.90337034599,Mon,17,8,33,2023-01-10 12:40:00,70.65616572913541,3767.0,서울특별시,상세주소225
R00226,2023-01-10 10:00:00,291930.1558709812,Thu,18,19,38,2023-01-10 11:20:00,29.307384989201598,35859.0,경기도,상세주소226
R00227,2023-01-10 11:00:00,118536.21967536137,Mon,15,8,40,2023-01-10 13:50:00,91.18097157274724,4680.0,경기도,상세주소227
R00228,2023-01-10 12:00:00,267721.9199979569,Thu,1,18,41,2023-01-10 15:17:00,45.13155029782432,21355.0,경기도,상세주소228
R00229,2023-01-10 13:00:00,189710.4491731816,Tue,7,28,49,2023-01-10 15:18:00,49.48235484549734,13802.0,서울특별시,상세주소229
R00230,2023-01-10 14:00:00,238648.57975895287,Tue,21,16,22,2023-01-10 17:56:00,80.4276627816641,10682.0,경기도,상세주소230
R00231,2023-01-10 15:00:00,151288.49083845245,Sat,5,20,6,2023-01-10 17:19:00,87.2341422731339,6243.0,경기도,상세주소231
R00232,2023-01-10 16:00:00,173494.26150328136,Sat,11,19,38,2023-01-10 19:45:00,39.985219431174734,15620.0,서울특별시,상세주소232
R00233,2023-01-10 17:00:00,148262.7904518403,Fri,14,10,2,2023-01-10 20:01:00,89.41981524053557,5968.0,충청남도,상세주소233
R00234,2023-01-10 18:00:00,59377.65335161531,Wed,7,17,11,2023-01-10 22:32:00,77.48473592818883,2758.0,강원도,상세주소234
R00235,2023-01-10 19:00:00,217013.18246319008,Fri,3,13,6,2023-01-10 21:37:00,44.00502376122718,17753.0,-,상세주소235
R00236,2023-01-10 20:00:00,84950.93636981588,Thu,14,13,48,2023-01-10 22:14:00,55.081874714329906,5552.0,인천광역시,상세주소236
R00237,2023-01-10 21:00:00,8270.473963004697,Fri,19,7,25,2023-01-10 21:39:00,90.32271793147115,329.0,경기도,상세주소237
R00238,2023-01-10 22:00:00,193996.21647624316,Mon,16,27,32,2023-01-11 00:57:00,28.788767947834128,24258.0,충청남도,상세주소238
R00239,2023-01-10 23:00:00,53956.093142707636,Thu,12,10,36,2023-01-11 01:49:00,87.61428751784437,2217.0,경기도,상세주소239
R00240,2023-01-11 00:00:00,282197.11672152136,Sat,17,2,47,2023-01-11 03:39:00,76.9281425567305,13205.0,인천광역시,상세주소240
R00241,2023-01-11 01:00:00,286224.64452377363,Tue,1,4,14,2023-01-11 03:03:00,70.18281524541399,14681.0,서울특별시,상세주소241
R00242,2023-01-11 02:00:00,274544.4526759141,Sat,12,25,1,2023-01-11 06:18:00,62.63391377142015,15779.0,충청남도,상세주소242
R00243,2023-01-11 03:00:00,111677.45137637788,Wed,12,6,40,2023-01-11 04:32:00,99.40275964924956,4044.0,서울특별시,상세주소243
R00244,2023-01-11 04:00:00,5621.528342131361,Thu,21,24,6,2023-01-11 04:54:00,102.35847201409806,,경기도,상세주소244
R00245,2023-01-11 05:00:00,278567.2502137299,Thu,14,18,31,2023-01-11 09:57:00,47.69540499964691,21025.0,서울특별시,상세주소245
R00246,2023-01-11 06:00:00,129027.06034687698,Mon,19,23,3,2023-01-11 06:40:00,72.24409574463334,6429.0,경기도,상세주소246
R00247,2023-01-11 07:00:00,290029.7908940572,Wed,9,6,19,2023-01-11 10:50:00,97.48752994355664,10710.0,-,상세주소247
R00248,2023-01-11 08:00:00,289122.3731496866,Tue,2,29,49,2023-01-11 10:35:00,44.299108379999794,23495.0,서울특별시,상세주소248
R00249,2023-01-11 09:00:00,256049.82718474066,Sun,18,30,35,2023-01-11 12:39:00,64.86279148623754,14211.0,서울특별시,상세주소249
R00250,2023-01-11 10:00:00,89040.21872880613,Thu,2,25,31,2023-01-11 11:58:00,80.07750884564982,4002.0,강원도,상세주소250
R00251,2023-01-11 11:00:00,116144.22085197565,Thu,21,23,27,2023-01-11 13:25:00,19.702131901178618,21222.0,서울특별시,상세주소251
R00252,2023-01-11 12:00:00,255489.86478354022,Mon,13,17,12,2023-01-11 15:26:00,76.57110457395778,12011.0,경기도,상세주소252
R00253,2023-01-11 13:00:00,95759.67954172702,Fri,7,14,0,2023-01-11 13:43:00,38.231359531792044,9017.0,경기도,상세주소253
R00254,2023-01-11 14:00:00,51678.331259141654,Tue,22,24,34,2023-01-11 18:46:00,63.846627299113365,2913.0,서울특별시,상세주소254
R00255,2023-01-11 15:00:00,167483.5774750467,Sat,3,11,47,2023-01-11 18:58:00,82.88689701783636,7274.0,충청남도,상세주소255
R00256,2023-01-11 16:00:00,280910.2774740735,Wed,19,26,29,2023-01-11 18:14:00,12.21638608120142,82780.0,인천광역시,상세주소256
R00257,2023-01-11 17:00:00,209112.90920581692,Thu,10,19,35,2023-01-11 19:56:00,75.71717775487792,9942.0,-,상세주소257
R00258,2023-01-11 18:00:00,171448.28985672013,Thu,10,30,24,2023-01-11 18:38:00,100.76657969261662,6125.0,경기도,상세주소258
R00259,2023-01-11 19:00:00,30055.77163745979,Sat,10,2,15,2023-01-11 21:27:00,49.33398000668272,2193.0,경기도,상세주소259
R00260,2023-01-11 20:00:00,184887.16078305175,Tue,1,28,18,2023-01-11 22:03:00,71.53380293568247,9304.0,경기도,상세주소260
R00261,2023-01-11 21:00:00,297026.10118117474,Fri,16,3,0,2023-01-11 23:53:00,86.70572661398776,12332.0,인천광역시,상세주소261
R00262,2023-01-11 22:00:00,42885.120555720685,Thu,8,11,4,2023-01-11 22:43:00,28.14109903580052,5486.0,경기도,상세주소262
R00263,2023-01-11 23:00:00,155980.5660567573,Tue,1,6,21,2023-01-12 03:46:00,75.14739517067505,7472.0,경기도,상세주소263
R00264,2023-01-12 00:00:00,263334.5485064587,Sat,23,29,23,2023-01-12 03:35:00,80.47532465195562,11780.0,서울특별시,상세주소264
R00265,2023-01-12 01:00:00,222489.81670850713,Mon,14,14,42,2023-01-12 04:56:00,72.77240439873533,11006.0,서울특별시,상세주소265
R00266,2023-01-12 02:00:00,209407.70655758513,Fri,15,19,44,2023-01-12 05:21:00,61.73245384410243,12211.0,인천광역시,상세주소266
R00267,2023-01-12 03:00:00,211042.74111214568,Wed,3,26,36,2023-01-12 07:59:00,39.99174436387747,18997.0,서울특별시,상세주소267
R00268,2023-01-12 04:00:00,108487.8542147068,Thu,7,16,35,2023-01-12 08:10:00,87.82846707072487,4446.0,서울특별시,상세주소268
R00269,2023-01-12 05:00:00,88783.96143508352,Tue,8,21,35,2023-01-12 08:01:00,60.69007130463315,5266.0,서울특별시,상세주소269
R00270,2023-01-12 06:00:00,242998.98548807556,Mon,4,22,3,2023-01-12 08:20:00,41.92239174752809,20867.0,충청남도,상세주소270
R00271,2023-01-12 07:00:00,243223.90500907504,Wed,15,24,35,2023-01-12 10:32:00,53.63948339170862,16323.0,경기도,상세주소271
R00272,2023-01-12 08:00:00,260254.623255451,Sun,12,7,17,2023-01-12 09:41:00,67.36770982669354,13907.0,경기도,상세주소272
R00273,2023-01-12 09:00:00,274058.9252143849,Tue,6,30,49,2023-01-12 10:43:00,28.776300862315793,34285.0,경기도,상세주소273
R00274,2023-01-12 10:00:00,153891.3772594204,Tue,19,27,15,2023-01-12 14:04:00,60.35860705168235,9178.0,경기도,상세주소274
R00275,2023-01-12 11:00:00,150953.37211147268,Wed,16,8,40,2023-01-12 11:52:00,51.662455658840216,10518.0,충청남도,상세주소275
R00276,2023-01-12 12:00:00,239690.25851106577,Mon,2,19,17,2023-01-12 13:37:00,86.72052962731978,9950.0,경기도,상세주소276
R00277,2023-01-12 13:00:00,195339.21530255178,Sun,4,20,21,2023-01-12 15:02:00,22.502188054245423,31251.0,강원도,상세주소277
R00278,2023-01-12 14:00:00,210888.0963000533,Sat,18,16,1,2023-01-12 15:32:00,78.77515285004968,9637.0,경기도,상세주소278
R00279,2023-01-12 15:00:00,238942.00816139422,Mon,11,22,20,2023-01-12 19:13:00,313.5987515918057,2742.0,충청남도,상세주소279
R00280,2023-01-12 16:00:00,267111.5972034523,Fri,6,27,35,2023-01-12 20:14:00,23.258227257042748,41344.0,인천광역시,상세주소280
R00281,2023-01-12 17:00:00,102060.5518986092,Thu,8,7,43,2023-01-12 19:12:00,25.656350283858494,14320.0,서울특별시,상세주소281
R00282,2023-01-12 18:00:00,113299.30283934326,Wed,5,9,38,2023-01-12 22:04:00,95.71800093132958,4261.0,서울특별시,상세주소282
R00283,2023-01-12 19:00:00,29100.600012419833,Sat,16,13,46,2023-01-12 22:41:00,41.91255902794134,2499.0,경기도,상세주소283
R00284,2023-01-12 20:00:00,173905.76215785602,Sun,15,1,38,2023-01-12 23:09:00,121.896582409769,5135.0,서울특별시,상세주소284
R00285,2023-01-12 21:00:00,11746.739865225883,Wed,22,29,28,2023-01-13 00:56:00,23.883199289596675,1770.0,경기도,상세주소285
R00286,2023-01-12 22:00:00,140213.8074216056,Wed,2,8,25,2023-01-13 02:58:00,63.40094809974241,7961.0,서울특별시,상세주소286
R00287,2023-01-12 23:00:00,163250.7457775654,Mon,20,24,20,2023-01-13 02:43:00,59.53212525494565,9872.0,인천광역시,상세주소287
R00288,2023-01-13 00:00:00,86675.83438635703,Thu,3,22,16,2023-01-13 03:01:00,55.83608464870086,5588.0,경기도,상세주소288
R00289,2023-01-13 01:00:00,177659.14491013423,Fri,9,4,15,2023-01-13 05:26:00,69.25924721411565,9234.0,충청남도,상세주소289
R00290,2023-01-13 02:00:00,10119.57473177578,Tue,4,3,30,2023-01-13 03:57:00,70.41292849458135,517.0,경기도,상세주소290
R00291,2023-01-13 03:00:00,12167.10843601511,Tue,20,27,8,2023-01-13 03:40:00,56.64682034741792,773.0,서울특별시,상세주소291
R00292,2023-01-13 04:00:00,246957.5676372378,Wed,21,3,30,2023-01-13 07:36:00,39.71652112345459,22384.0,강원도,상세주소292
R00293,2023-01-13 05:00:00,108697.0017819676,Thu,9,22,13,2023-01-13 09:03:00,80.9552072848276,4833.0,서울특별시,상세주소293
R00294,2023-01-13 06:00:00,38991.09328291355,Sun,11,13,48,2023-01-13 06:44:00,72.56105326165672,1934.0,서울특별시,상세주소294
R00295,2023-01-13 07:00:00,,Sun,9,8,36,2023-01-13 11:55:00,62.291673812321484,9082.0,인천광역시,상세주소295
R00296,2023-01-13 08:00:00,231228.07237648463,Sat,12,7,1,2023-01-13 09:42:00,71.92734964834719,11573.0,강원도,상세주소296
R00297,2023-01-13 09:00:00,65530.48722155611,Mon,10,27,47,2023-01-13 10:21:00,75.37882900182261,3129.0,경기도,상세주소297
R00298,2023-01-13 10:00:00,187244.25226988108,Thu,21,1,45,2023-01-13 12:37:00,44.7653591303736,15058.0,서울특별시,상세주소298
R00299,2023-01-13 11:00:00,26518.89203313663,Thu,15,27,13,2023-01-13 11:57:00,71.21360746963612,1340.0,서울특별시,상세주소299
R00300,2023-01-13 12:00:00,16452.8346294137,Mon,7,16,32,2023-01-13 13:34:00,48.93928548963315,1210.0,경기도,상세주소300
R00301,2023-01-13 13:00:00,159875.03483887625,Sun,7,6,34,2023-01-13 13:46:00,76.040667131736,7568.0,경기도,상세주소301
R00302,2023-01-13 14:00:00,162649.90136142186,Sun,7,7,38,2023-01-13 16:47:00,56.15200827153538,10427.0,경기도,상세주소302
R00303,2023-01-13 15:00:00,191591.54054796376,Sun,12,12,46,2023-01-13 19:18:00,72.2343914736344,9548.0,서울특별시,상세주소303
R00304,2023-01-13 16:00:00,218101.3087830758,Wed,1,23,19,2023-01-13 20:43:00,51.32409400580954,15298.0,충청남도,상세주소304
R00305,2023-01-13 17:00:00,292779.7717592979,Thu,11,9,1,2023-01-13 20:59:00,73.27404871875346,14384.0,인천광역시,상세주소305
R00306,2023-01-13 18:00:00,155373.8041420574,Tue,9,27,40,2023-01-13 22:20:00,40.42461541767983,13836.0,서울특별시,상세주소306
R00307,2023-01-13 19:00:00,97563.98540943254,Mon,11,11,18,2023-01-13 23:30:00,60.72337759726925,5784.0,경기도,상세주소307
R00308,2023-01-13 20:00:00,238760.6722358424,Sun,10,10,36,2023-01-13 21:39:00,79.61265030219867,10796.0,경기도,상세주소308
R00309,2023-01-13 21:00:00,81978.84312736019,Sat,14,21,17,2023-01-13 23:13:00,69.3440931449185,4255.0,경기도,상세주소309
R00310,2023-01-13 22:00:00,132252.45479098518,Sun,15,1,15,2023-01-14 01:53:00,63.840574668984225,7457.0,서울특별시,상세주소310
R00311,2023-01-13 23:00:00,24458.458021337523,Sun,16,18,3,2023-01-14 00:22:00,96.07122679301278,916.0,경기도,상세주소311
R00312,2023-01-14 00:00:00,8579.872281221797,Fri,1,4,11,2023-01-14 01:23:00,80.47273736977843,383.0,서울특별시,상세주소312
R00313,2023-01-14 01:00:00,288831.8759886996,Wed,17,5,28,2023-01-14 02:00:00,77.11079898506254,13484.0,강원도,상세주소313
R00314,2023-01-14 02:00:00,250958.05603314954,Mon,11,9,6,2023-01-14 04:44:00,73.1605555783301,12348.0,인천광역시,상세주소314
R00315,2023-01-14 03:00:00,209096.2876220157,Fri,18,27,13,2023-01-14 04:27:00,75.65393744493329,9949.0,인천광역시,상세주소315
R00316,2023-01-14 04:00:00,123276.9303798667,Fri,22,17,11,2023-01-14 06:14:00,93.14204021104328,4764.0,서울특별시,상세주소316
R00317,2023-01-14 05:00:00,52815.00170118289,Sat,17,3,34,2023-01-14 09:55:00,51.6466262455801,3681.0,경기도,상세주소317
R00318,2023-01-14 06:00:00,47774.675758654725,Thu,16,16,4,2023-01-14 06:39:00,80.18807930550483,2144.0,경기도,상세주소318
R00319,2023-01-14 07:00:00,75822.62655121401,Sat,5,5,16,2023-01-14 11:42:00,67.12975777549552,4066.0,충청남도,상세주소319
R00320,2023-01-14 08:00:00,165218.77274713002,Thu,14,16,41,2023-01-14 11:05:00,52.33764925732013,11364.0,서울특별시,상세주소320
R00321,2023-01-14 09:00:00,214664.18088731865,Thu,2,3,31,2023-01-14 12:07:00,58.00549793917441,13322.0,서울특별시,상세주소321
R00322,2023-01-14 10:00:00,198399.01563860165,Mon,5,20,9,2023-01-14 11:06:00,64.38309363092687,11093.0,경기도,상세주소322
R00323,2023-01-14 11:00:00,84700.23518683692,Sun,2,15,42,2023-01-14 13:28:00,42.80119864661155,7124.0,서울특별시,상세주소323
R00324,2023-01-14 12:00:00,286504.71891829505,Mon,0,30,16,2023-01-14 13:36:00,77.28025551000894,13346.0,경기도,상세주소324
R00325,2023-01-14 13:00:00,221631.1780920348,Wed,12,3,4,2023-01-14 17:31:00,57.942971518219224,13769.0,경기도,상세주소325
R00326,2023-01-14 14:00:00,166751.8617009088,Thu,20,20,44,2023-01-14 18:02:00,61.698583244853474,9729.0,경기도,상세주소326
R00327,2023-01-14 15:00:00,183904.5031240713,Fri,13,14,41,2023-01-14 17:10:00,87.14405099855614,7597.0,서울특별시,상세주소327
R00328,2023-01-14 16:00:00,126460.41866590918,Sun,12,16,8,2023-01-14 17:25:00,62.59496410453605,7273.0,경기도,상세주소328
R00329,2023-01-14 17:00:00,75071.56586084608,Tue,3,29,48,2023-01-14 21:28:00,91.0533688884221,2968.0,경기도,상세주소329
R00330,2023-01-14 18:00:00,107435.83091672721,Wed,6,29,32,2023-01-14 22:20:00,49.50370982209712,7812.0,인천광역시,상세주소330
R00331,2023-01-14 19:00:00,227595.98702884637,Mon,21,17,35,2023-01-14 21:01:00,38.05860322410698,21528.0,서울특별시,상세주소331
R00332,2023-01-14 20:00:00,5303.653100297005,Sat,9,28,35,2023-01-14 22:18:00,54.20013706110234,352.0,서울특별시,상세주소332
R00333,2023-01-14 21:00:00,35705.71951156796,Wed,6,24,17,2023-01-15 00:17:00,10.0,12854.0,서울특별시,상세주소333
R00334,2023-01-14 22:00:00,14754.789964504072,Wed,20,20,8,2023-01-15 02:07:00,78.11523504941887,679.0,-,상세주소334
R00335,2023-01-14 23:00:00,13177.911893372071,Sun,14,23,28,2023-01-15 03:11:00,39.2220291742501,1209.0,경기도,상세주소335
R00336,2023-01-15 00:00:00,256782.71461929116,Wed,14,18,49,2023-01-15 03:10:00,47.64609157107461,19401.0,경기도,상세주소336
R00337,2023-01-15 01:00:00,211393.69995462708,Wed,3,18,13,2023-01-15 01:45:00,74.32557123241854,10238.0,서울특별시,상세주소337
R00338,2023-01-15 02:00:00,142777.97489711022,Tue,22,22,24,2023-01-15 03:26:00,62.382421958357824,8239.0,경기도,상세주소338
R00339,2023-01-15 03:00:00,30252.414034649442,Sat,22,14,14,2023-01-15 04:31:00,51.18909083839759,2127.0,서울특별시,상세주소339
R00340,2023-01-15 04:00:00,147993.14665993289,Sat,5,18,5,2023-01-15 08:31:00,19.269152549564616,27649.0,서울특별시,상세주소340
R00341,2023-01-15 05:00:00,142568.05946338913,Sat,23,15,41,2023-01-15 06:59:00,86.01616059794388,5966.0,-,상세주소341
R00342,2023-01-15 06:00:00,52787.35910309454,Thu,19,15,28,2023-01-15 07:41:00,74.46160066952929,2552.0,충청남도,상세주소342
R00343,2023-01-15 07:00:00,130721.64312215394,Fri,4,6,14,2023-01-15 07:59:00,101.11442659396502,4654.0,강원도,상세주소343
R00344,2023-01-15 08:00:00,120152.91558481466,Sat,19,27,28,2023-01-15 09:55:00,48.072403280191864,8997.0,경기도,상세주소344
R00345,2023-01-15 09:00:00,185139.17931761272,Wed,11,15,3,2023-01-15 13:23:00,30.910994712439845,21561.0,충청남도,상세주소345
R00346,2023-01-15 10:00:00,190893.0016094255,Wed,0,18,17,2023-01-15 14:24:00,79.89510570528847,8601.0,경기도,상세주소346
R00347,2023-01-15 11:00:00,14545.898921841312,Sat,7,4,49,2023-01-15 15:54:00,56.23880165199298,,서울특별시,상세주소347
R00348,2023-01-15 12:00:00,113009.1717733149,Sun,0,23,48,2023-01-15 16:58:00,72.56339718137912,5606.0,인천광역시,상세주소348
R00349,2023-01-15 13:00:00,188132.11479855666,Sat,4,8,43,2023-01-15 16:35:00,92.39830574653112,7329.0,경기도,상세주소349
R00350,2023-01-15 14:00:00,151437.7413154462,Wed,21,15,38,2023-01-15 16:40:00,67.76306192928354,8045.0,서울특별시,상세주소350
R00351,2023-01-15 15:00:00,257090.46251530835,Thu,5,3,15,2023-01-15 18:29:00,63.34597801091066,14610.0,경기도,상세주소351
R00352,2023-01-15 16:00:00,197949.39585406455,Mon,20,30,10,2023-01-15 19:12:00,64.6000557261118,11031.0,경기도,상세주소352
R00353,2023-01-15 17:00:00,49717.39369734748,Mon,2,15,13,2023-01-15 19:05:00,27.255036280706705,6566.0,강원도,상세주소353
R00354,2023-01-15 18:00:00,22100.055472728523,Sat,14,13,2,2023-01-15 22:51:00,82.16076418966094,968.0,경기도,상세주소354
R00355,2023-01-15 19:00:00,193083.36418368836,Tue,4,9,49,2023-01-15 20:52:00,83.44172324498324,8330.0,경기도,상세주소355
R00356,2023-01-15 20:00:00,8926.881851944923,Sat,23,2,41,2023-01-16 00:14:00,70.61140049925048,455.0,서울특별시,상세주소356
R00357,2023-01-15 21:00:00,176146.8988007655,Sun,13,24,37,2023-01-16 01:12:00,29.69190730138337,21356.0,충청남도,상세주소357
R00358,2023-01-15 22:00:00,282128.8421860623,Sat,17,8,44,2023-01-16 00:27:00,57.57702349725973,17640.0,경기도,상세주소358
R00359,2023-01-15 23:00:00,173066.7791848878,Mon,15,29,41,2023-01-16 02:41:00,88.77051550785708,7018.0,경기도,상세주소359
R00360,2023-01-16 00:00:00,117062.80793575005,Wed,5,30,17,2023-01-16 01:48:00,48.68492674053064,8656.0,충청남도,상세주소360
R00361,2023-01-16 01:00:00,193343.1773142636,Sat,23,20,19,2023-01-16 02:47:00,83.6850610382732,8317.0,경기도,상세주소361
R00362,2023-01-16 02:00:00,138017.61425696348,Wed,13,17,47,2023-01-16 04:56:00,61.10192985313708,8131.0,경기도,상세주소362
R00363,2023-01-16 03:00:00,164139.42000546455,Wed,23,13,24,2023-01-16 05:16:00,74.25007679031921,7958.0,인천광역시,상세주소363
R00364,2023-01-16 04:00:00,282497.977824181,Tue,7,1,37,2023-01-16 08:33:00,51.757171743504344,19649.0,서울특별시,상세주소364
R00365,2023-01-16 05:00:00,116444.68870243151,Wed,6,2,12,2023-01-16 06:42:00,61.68761763291333,6795.0,충청남도,상세주소365
R00366,2023-01-16 06:00:00,288395.97858335037,Mon,7,30,3,2023-01-16 06:55:00,68.73430496337755,15104.0,경기도,상세주소366
R00367,2023-01-16 07:00:00,271699.84194486303,Thu,12,15,13,2023-01-16 10:59:00,38.33532052211631,25514.0,강원도,상세주소367
R00368,2023-01-16 08:00:00,59541.549301999636,Thu,5,12,32,2023-01-16 10:01:00,65.47826257958023,3273.0,강원도,상세주소368
R00369,2023-01-16 09:00:00,21739.02896167447,Fri,17,14,27,2023-01-16 11:34:00,10.0,7826.0,경기도,상세주소369
R00370,2023-01-16 10:00:00,31132.622411850567,Sun,1,25,36,2023-01-16 11:42:00,47.96996426356455,2336.0,경기도,상세주소370
R00371,2023-01-16 11:00:00,6448.325869813369,Sat,7,29,7,2023-01-16 13:32:00,70.87766028727557,327.0,-,상세주소371
R00372,2023-01-16 12:00:00,29238.44526602259,Sun,10,2,43,2023-01-16 15:33:00,82.40525841101123,1277.0,서울특별시,상세주소372
R00373,2023-01-16 13:00:00,205219.0252514907,Mon,0,18,33,2023-01-16 16:36:00,69.45504283598457,10636.0,서울특별시,상세주소373
R00374,2023-01-16 14:00:00,22285.405889608468,Wed,21,22,43,2023-01-16 17:47:00,32.19366452338065,2492.0,서울특별시,상세주소374
R00375,2023-01-16 15:00:00,96373.71345783463,Thu,5,7,4,2023-01-16 16:47:00,80.65716257731162,4301.0,인천광역시,상세주소375
R00376,2023-01-16 16:00:00,253617.71797986692,Sun,15,29,4,2023-01-16 19:35:00,37.21700536954532,24532.0,충청남도,상세주소376
R00377,2023-01-16 17:00:00,7958.308785011934,Mon,19,23,30,2023-01-16 21:42:00,72.28397102848702,396.0,경기도,상세주소377
R00378,2023-01-16 18:00:00,244526.0762940918,Thu,11,29,44,2023-01-16 18:42:00,37.88332510814284,23236.0,경기도,상세주소378
R00379,2023-01-16 19:00:00,85274.57765724658,Wed,10,25,8,2023-01-16 20:45:00,44.53587591275686,6893.0,충청남도,상세주소379
R00380,2023-01-16 20:00:00,36331.28345887522,Sun,9,6,41,2023-01-16 21:20:00,40.873017281390354,3199.0,충청남도,상세주소380
R00381,2023-01-16 21:00:00,209324.41244388104,Thu,2,14,31,2023-01-16 23:58:00,62.7791717856344,12003.0,서울특별시,상세주소381
R00382,2023-01-16 22:00:00,189053.91118718532,Sat,12,8,32,2023-01-17 02:08:00,56.08930972750869,12134.0,-,상세주소382
R00383,2023-01-16 23:00:00,263364.13204458886,Sat,2,27,2,2023-01-17 01:31:00,70.17818875261383,13510.0,인천광역시,상세주소383
R00384,2023-01-17 00:00:00,220786.24209736186,Fri,14,22,29,2023-01-17 04:00:00,59.62730322653784,13329.0,경기도,상세주소384
R00385,2023-01-17 01:00:00,241240.79818506973,Fri,15,2,49,2023-01-17 01:55:00,29.642530928259223,29298.0,충청남도,상세주소385
R00386,2023-01-17 02:00:00,85328.33719882063,Thu,12,17,11,2023-01-17 05:22:00,65.5162493619595,4688.0,서울특별시,상세주소386
R00387,2023-01-17 03:00:00,54054.42359013712,Mon,16,5,28,2023-01-17 06:05:00,24.75668699134261,7860.0,경기도,상세주소387
R00388,2023-01-17 04:00:00,225433.81074061664,Sat,2,14,2,2023-01-17 08:27:00,42.32292013901994,19175.0,경기도,상세주소388
R00389,2023-01-17 05:00:00,242243.58704091195,Mon,19,25,25,2023-01-17 06:51:00,52.72173335841997,16541.0,인천광역시,상세주소389
R00390,2023-01-17 06:00:00,297161.0374582013,Mon,10,24,29,2023-01-17 07:37:00,51.33593185620711,20838.0,-,상세주소390
R00391,2023-01-17 07:00:00,124372.68539651652,Thu,20,30,8,2023-01-17 08:13:00,27.051746789879488,16551.0,경기도,상세주소391
R00392,2023-01-17 08:00:00,112233.40765204217,Mon,18,29,25,2023-01-17 09:30:00,87.42319107076383,4621.0,경기도,상세주소392
R00393,2023-01-17 09:00:00,233147.47526185706,Sat,21,20,1,2023-01-17 11:32:00,92.96005580113399,9028.0,서울특별시,상세주소393
R00394,2023-01-17 10:00:00,102900.25853565233,Wed,10,21,2,2023-01-17 13:45:00,105.01550208617898,3527.0,충청남도,상세주소394
R00395,2023-01-17 11:00:00,279296.44035546586,Fri,15,29,45,2023-01-17 13:20:00,82.95302834979313,12120.0,인천광역시,상세주소395
R00396,2023-01-17 12:00:00,257665.41280106053,Wed,20,21,3,2023-01-17 16:47:00,52.09106922419453,17807.0,서울특별시,상세주소396
R00397,2023-01-17 13:00:00,129269.21418513049,Mon,2,22,24,2023-01-17 14:58:00,51.7464095810285,8993.0,서울특별시,상세주소397
R00398,2023-01-17 14:00:00,225510.44926965772,Wed,21,3,12,2023-01-17 17:47:00,50.6421232765355,16030.0,경기도,상세주소398
R00399,2023-01-17 15:00:00,226608.31935132,Sat,5,5,38,2023-01-17 18:49:00,99.71275372451552,8181.0,서울특별시,상세주소399
R00400,2023-01-17 16:00:00,31834.03678194385,Sat,13,16,43,2023-01-17 18:08:00,57.68917062069679,1986.0,경기도,상세주소400
R00401,2023-01-17 17:00:00,270863.31909719046,Mon,23,18,34,2023-01-17 17:56:00,85.38465813840455,11420.0,충청남도,상세주소401
R00402,2023-01-17 18:00:00,152070.45936190928,Thu,17,26,22,2023-01-17 19:58:00,83.82869955438878,6530.0,경기도,상세주소402
R00403,2023-01-17 19:00:00,248110.78236621476,Wed,16,17,8,2023-01-17 21:55:00,63.79095712161741,14001.0,서울특별시,상세주소403
R00404,2023-01-17 20:00:00,96694.83070815292,Thu,3,11,1,2023-01-17 23:31:00,30.9671831254099,11240.0,경기도,상세주소404
R00405,2023-01-17 21:00:00,268761.4453203639,Thu,22,17,40,2023-01-18 01:46:00,58.12162722698169,16646.0,서울특별시,상세주소405
R00406,2023-01-17 22:00:00,117371.30194151477,Tue,14,16,43,2023-01-18 01:38:00,62.93932552425905,6713.0,경기도,상세주소406
R00407,2023-01-17 23:00:00,4240.45779260921,Mon,10,26,30,2023-01-18 03:29:00,85.5584257980597,178.0,경기도,상세주소407
R00408,2023-01-18 00:00:00,271709.2109493598,Fri,2,23,43,2023-01-18 03:45:00,60.389158242005834,16197.0,경기도,상세주소408
R00409,2023-01-18 01:00:00,28294.716359053935,Sat,2,2,46,2023-01-18 04:14:00,35.82788872750388,2843.0,인천광역시,상세주소409
R00410,2023-01-18 02:00:00,96474.77763953405,Sat,15,4,1,2023-01-18 02:37:00,79.75819995463411,4354.0,경기도,상세주소410
R00411,2023-01-18 03:00:00,285068.5281481907,Mon,4,21,31,2023-01-18 04:07:00,55.44917355005025,18507.0,인천광역시,상세주소411
R00412,2023-01-18 04:00:00,285231.53693432926,Sun,20,7,17,2023-01-18 06:23:00,10.0,102683.0,서울특별시,상세주소412
R00413,2023-01-18 05:00:00,172457.92854886255,Sun,9,2,12,2023-01-18 06:25:00,66.4996914915349,9336.0,서울특별시,상세주소413
R00414,2023-01-18 06:00:00,189919.32643877,Sun,18,30,45,2023-01-18 08:47:00,70.01542588240419,9765.0,서울특별시,상세주소414
R00415,2023-01-18 07:00:00,135085.2110715176,Fri,3,6,4,2023-01-18 09:11:00,43.141236142684235,11272.0,-,상세주소415
R00416,2023-01-18 08:00:00,88670.0207377213,Sat,18,17,41,2023-01-18 11:26:00,56.159083987538224,5684.0,경기도,상세주소416
R00417,2023-01-18 09:00:00,99270.69906560487,Mon,10,7,43,2023-01-18 12:18:00,73.15434051947899,4885.0,경기도,상세주소417
R00418,2023-01-18 10:00:00,202083.0183670345,Sat,1,25,9,2023-01-18 14:50:00,66.63569602404566,10917.0,강원도,상세주소418
R00419,2023-01-18 11:00:00,225959.98430186632,Thu,9,5,42,2023-01-18 15:12:00,28.74686099770002,28297.0,경기도,상세주소419
R00420,2023-01-18 12:00:00,237682.1340740287,Wed,10,5,24,2023-01-18 15:48:00,85.07100332994736,10058.0,충청남도,상세주소420
R00421,2023-01-18 13:00:00,237095.82469557162,Wed,19,20,33,2023-01-18 17:00:00,94.126612390773,9068.0,경기도,상세주소421
R00422,2023-01-18 14:00:00,28270.62481155842,Sat,15,16,36,2023-01-18 17:29:00,49.796322279363146,2043.0,서울특별시,상세주소422
R00423,2023-01-18 15:00:00,148831.67110607185,Tue,18,19,29,2023-01-18 19:39:00,21.80256854154827,24574.0,경기도,상세주소423
R00424,2023-01-18 16:00:00,18210.06924497664,Fri,22,9,6,2023-01-18 20:20:00,75.42225613605902,869.0,강원도,상세주소424
R00425,2023-01-18 17:00:00,165309.13581479693,Sun,23,5,5,2023-01-18 17:52:00,46.53815121643813,12787.0,서울특별시,상세주소425
R00426,2023-01-18 18:00:00,133017.61991063974,Fri,10,8,2,2023-01-18 19:17:00,70.708975901705,6772.0,경기도,상세주소426
R00427,2023-01-18 19:00:00,266423.5506447316,Fri,13,9,12,2023-01-18 21:18:00,104.04340933134077,9218.0,경기도,상세주소427
R00428,2023-01-18 20:00:00,105923.58875307153,Thu,1,5,2,2023-01-18 20:35:00,29.073848416222976,13115.0,경기도,상세주소428
R00429,2023-01-18 21:00:00,36003.03791185415,Fri,22,10,25,2023-01-18 22:07:00,44.06758240375352,2941.0,인천광역시,상세주소429
R00430,2023-01-18 22:00:00,43754.51293379792,Wed,4,25,23,2023-01-19 01:18:00,56.110408129031015,2807.0,경기도,상세주소430
R00431,2023-01-18 23:00:00,228691.6788835242,Thu,4,2,5,2023-01-19 02:52:00,85.83356722717883,9591.0,경기도,상세주소431
R00432,2023-01-19 00:00:00,185847.20093156205,Mon,18,9,42,2023-01-19 04:33:00,131.1123425910655,5102.0,서울특별시,상세주소432
R00433,2023-01-19 01:00:00,31235.680160714284,Fri,20,11,48,2023-01-19 02:16:00,64.94170374199255,1731.0,서울특별시,상세주소433
R00434,2023-01-19 02:00:00,26147.935028384232,Fri,11,4,41,2023-01-19 06:38:00,27.355545185509612,3441.0,경기도,상세주소434
R00435,2023-01-19 03:00:00,210589.77030627689,Mon,17,22,11,2023-01-19 04:48:00,53.08957251497554,14280.0,경기도,상세주소435
R00436,2023-01-19 04:00:00,22756.138902893865,Fri,3,22,48,2023-01-19 06:19:00,44.50273027524031,1840.0,인천광역시,상세주소436
R00437,2023-01-19 05:00:00,246736.15772781652,Mon,21,22,35,2023-01-19 05:42:00,74.43170955371579,11933.0,-,상세주소437
R00438,2023-01-19 06:00:00,212166.42591979235,Thu,16,2,1,2023-01-19 07:59:00,67.53769406597866,11309.0,경기도,상세주소438
R00439,2023-01-19 07:00:00,25323.28541192803,Wed,9,23,10,2023-01-19 11:10:00,39.16373263990804,2327.0,인천광역시,상세주소439
R00440,2023-01-19 08:00:00,26366.476511472385,Mon,19,29,38,2023-01-19 09:42:00,43.33029151505738,2190.0,경기도,상세주소440
R00441,2023-01-19 09:00:00,296005.23397185147,Tue,5,6,33,2023-01-19 13:23:00,52.79885554851323,20182.0,경기도,상세주소441
R00442,2023-01-19 10:00:00,112906.96793107997,Mon,13,27,25,2023-01-19 14:49:00,55.21283379874501,7361.0,서울특별시,상세주소442
R00443,2023-01-19 11:00:00,111822.00197300038,Fri,10,14,17,2023-01-19 13:22:00,59.156221676608446,6805.0,경기도,상세주소443
R00444,2023-01-19 12:00:00,244027.07060999327,Sun,10,1,20,2023-01-19 13:15:00,60.97746430388833,14406.0,서울특별시,상세주소444
R00445,2023-01-19 13:00:00,284227.32463777374,Sun,17,18,35,2023-01-19 14:12:00,84.69701075469075,12080.0,충청남도,상세주소445
R00446,2023-01-19 14:00:00,295814.3180830384,Thu,22,7,39,2023-01-19 17:57:00,52.07577975957119,20449.0,강원도,상세주소446
R00447,2023-01-19 15:00:00,226260.07739242355,Sat,21,1,45,2023-01-19 17:12:00,49.128663195068334,16579.0,경기도,상세주소447
R00448,2023-01-19 16:00:00,113501.61607374382,Thu,17,1,43,2023-01-19 18:33:00,33.22451958220235,12298.0,경기도,상세주소448
R00449,2023-01-19 17:00:00,25966.71429290196,Sat,23,1,21,2023-01-19 17:39:00,55.5228153476495,1683.0,-,상세주소449
R00450,2023-01-19 18:00:00,233366.9278623036,Sun,22,24,29,2023-01-19 21:36:00,65.12392492386098,12900.0,경기도,상세주소450
R00451,2023-01-19 19:00:00,167962.87067100572,Sun,10,4,49,2023-01-19 20:00:00,25.51807276813642,23695.0,서울특별시,상세주소451
R00452,2023-01-19 20:00:00,127842.3807648459,Mon,20,4,42,2023-01-19 23:05:00,53.15142813210855,8658.0,경기도,상세주소452
R00453,2023-01-19 21:00:00,271999.9611433261,Wed,11,29,29,2023-01-19 22:29:00,83.20588259840088,11768.0,경기도,상세주소453
R00454,2023-01-19 22:00:00,34248.047209539254,Tue,4,18,7,2023-01-20 02:38:00,72.96612085402421,1689.0,경기도,상세주소454
R00455,2023-01-19 23:00:00,148294.9061829669,Thu,22,27,33,2023-01-20 03:59:00,67.46866345521585,7912.0,충청남도,상세주소455
R00456,2023-01-20 00:00:00,4394.739785458301,Fri,8,11,46,2023-01-20 04:06:00,72.4242459794901,218.0,충청남도,상세주소456
R00457,2023-01-20 01:00:00,141129.53195624377,Sat,8,27,8,2023-01-20 01:31:00,48.52591460220751,10469.0,경기도,상세주소457
R00458,2023-01-20 02:00:00,17834.679428869367,Fri,21,1,19,2023-01-20 02:53:00,45.86160428188076,1399.0,충청남도,상세주소458
R00459,2023-01-20 03:00:00,36526.556964153504,Wed,9,28,39,2023-01-20 06:55:00,85.43817561476314,1539.0,경기도,상세주소459
R00460,2023-01-20 04:00:00,36140.34778635436,Sat,21,10,24,2023-01-20 07:48:00,76.57278758849752,1699.0,경기도,상세주소460
R00461,2023-01-20 05:00:00,195113.880332703,Thu,18,9,18,2023-01-20 07:23:00,45.07453956737792,15583.0,인천광역시,상세주소461
R00462,2023-01-20 06:00:00,224067.41890036158,Mon,0,23,4,2023-01-20 09:04:00,22.425520806440275,35969.0,서울특별시,상세주소462
R00463,2023-01-20 07:00:00,175427.26076405073,Fri,6,4,10,2023-01-20 10:14:00,45.489689030393656,13883.0,경기도,상세주소463
R00464,2023-01-20 08:00:00,288689.591993888,Wed,3,28,14,2023-01-20 12:11:00,70.87068454931827,14664.0,경기도,상세주소464
R00465,2023-01-20 09:00:00,113086.30327758752,Thu,0,6,7,2023-01-20 11:00:00,46.834797145535404,8692.0,-,상세주소465
R00466,2023-01-20 10:00:00,86427.91379827636,Sun,14,30,18,2023-01-20 13:16:00,66.60135621601032,4671.0,충청남도,상세주소466
R00467,2023-01-20 11:00:00,260711.13932864863,Sun,7,16,22,2023-01-20 14:56:00,88.39541107797797,10617.0,충청남도,상세주소467
R00468,2023-01-20 12:00:00,67855.15571731635,Thu,11,2,26,2023-01-20 13:34:00,58.13945844413851,4201.0,경기도,상세주소468
R00469,2023-01-20 13:00:00,289003.5392927428,Thu,21,23,39,2023-01-20 13:33:00,64.67920305969757,16085.0,인천광역시,상세주소469
R00470,2023-01-20 14:00:00,4634.187932255087,Thu,21,18,31,2023-01-20 17:06:00,73.69807712999132,226.0,경기도,상세주소470
R00471,2023-01-20 15:00:00,290993.7691855841,Sat,17,10,25,2023-01-20 19:38:00,38.358314833449285,27310.0,-,상세주소471
R00472,2023-01-20 16:00:00,13904.813673222257,Thu,14,24,26,2023-01-20 20:46:00,44.539015499758975,1123.0,경기도,상세주소472
R00473,2023-01-20 17:00:00,267451.7909957233,Fri,16,24,18,2023-01-20 21:24:00,74.52322319807094,12919.0,경기도,상세주소473
R00474,2023-01-20 18:00:00,158782.63161680367,Wed,13,17,49,2023-01-20 19:43:00,60.73935041098216,9410.0,서울특별시,상세주소474
R00475,2023-01-20 19:00:00,297896.4740396708,Sat,13,13,41,2023-01-20 22:36:00,62.43517220618859,17176.0,충청남도,상세주소475
R00476,2023-01-20 20:00:00,23065.17285588426,Thu,17,24,28,2023-01-20 21:31:00,60.665716557146986,1368.0,인천광역시,상세주소476
R00477,2023-01-20 21:00:00,166602.4310359949,Tue,19,18,38,2023-01-21 00:13:00,79.56587937923916,7538.0,경기도,상세주소477
R00478,2023-01-20 22:00:00,290821.4581501106,Tue,17,22,40,2023-01-20 23:25:00,68.71425280899349,15236.0,서울특별시,상세주소478
R00479,2023-01-20 23:00:00,157406.2554068745,Wed,15,13,32,2023-01-21 01:20:00,68.97640182141623,8215.0,충청남도,상세주소479
R00480,2023-01-21 00:00:00,189190.1928024435,Sun,0,17,18,2023-01-21 04:07:00,84.44396315111545,8065.0,경기도,상세주소480
R00481,2023-01-21 01:00:00,209028.85800640052,Mon,22,5,36,2023-01-21 05:29:00,92.13147716149378,8167.0,충청남도,상세주소481
R00482,2023-01-21 02:00:00,136907.77836556418,Mon,10,11,18,2023-01-21 02:50:00,104.87183447536094,4699.0,강원도,상세주소482
R00483,2023-01-21 03:00:00,188639.86594513498,Sun,14,7,32,2023-01-21 05:50:00,48.419726103694536,14025.0,경기도,상세주소483
R00484,2023-01-21 04:00:00,175709.97926500696,Sat,11,29,46,2023-01-21 08:54:00,109.38814828017249,5782.0,경기도,상세주소484
R00485,2023-01-21 05:00:00,270446.2451368057,Sat,7,10,15,2023-01-21 07:48:00,38.06454113089634,25577.0,경기도,상세주소485
R00486,2023-01-21 06:00:00,14588.467722095904,Sat,21,17,22,2023-01-21 07:39:00,98.70494806086252,532.0,경기도,상세주소486
R00487,2023-01-21 07:00:00,85007.99368807687,Mon,19,15,6,2023-01-21 09:27:00,47.32080282617248,6467.0,서울특별시,상세주소487
R00488,2023-01-21 08:00:00,285173.03373889107,Tue,5,18,25,2023-01-21 11:47:00,58.621204075904934,17512.0,인천광역시,상세주소488
R00489,2023-01-21 09:00:00,267188.871383384,Mon,2,23,31,2023-01-21 12:54:00,60.37151890325947,15932.0,서울특별시,상세주소489
R00490,2023-01-21 10:00:00,137241.36908292817,Fri,23,22,11,2023-01-21 14:03:00,42.660585003439635,11581.0,경기도,상세주소490
R00491,2023-01-21 11:00:00,186419.64674265948,Thu,12,19,7,2023-01-21 12:25:00,61.734373335119216,10870.0,서울특별시,상세주소491
R00492,2023-01-21 12:00:00,83936.97371135867,Sat,12,30,4,2023-01-21 15:24:00,43.69323780324716,6915.0,서울특별시,상세주소492
R00493,2023-01-21 13:00:00,57248.226757404635,Tue,1,26,41,2023-01-21 15:37:00,35.301131426586004,5838.0,강원도,상세주소493
R00494,2023-01-21 14:00:00,139645.82307705467,Wed,4,2,27,2023-01-21 18:15:00,59.22552733947532,8488.0,경기도,상세주소494
R00495,2023-01-21 15:00:00,106652.31617978979,Wed,16,26,4,2023-01-21 16:33:00,91.79753780485868,4182.0,서울특별시,상세주소495
R00496,2023-01-21 16:00:00,175513.17744341074,Thu,5,4,48,2023-01-21 17:17:00,54.91960521966049,11504.0,강원도,상세주소496
R00497,2023-01-21 17:00:00,24242.656452530468,Tue,1,3,25,2023-01-21 20:51:00,78.82041830748432,1107.0,서울특별시,상세주소497
R00498,2023-01-21 18:00:00,292344.0474921838,Mon,3,7,4,2023-01-21 19:29:00,43.086674145683624,24426.0,경기도,상세주소498
R00499,2023-01-21 19:00:00,295877.01259940123,Mon,21,24,21,2023-01-21 23:46:00,34.33047858730933,31026.0,경기도,상세주소499
R00500,2023-01-21 20:00:00,,Fri,10,18,14,2023-01-21 21:34:00,69.0772031391072,10931.0,충청남도,상세주소500
R00501,2023-01-21 21:00:00,161292.813536892,Fri,7,10,12,2023-01-22 01:28:00,95.11224770202892,6104.0,경기도,상세주소501
R00502,2023-01-21 22:00:00,93548.75726961199,Mon,11,7,27,2023-01-21 23:07:00,64.17908904266308,5247.0,강원도,상세주소502
R00503,2023-01-21 23:00:00,244324.71089237765,Wed,7,8,32,2023-01-21 23:54:00,76.53294893074145,11492.0,충청남도,상세주소503
R00504,2023-01-22 00:00:00,205734.6205936099,Sat,10,6,42,2023-01-22 01:28:00,89.90248820392954,8238.0,경기도,상세주소504
R00505,2023-01-22 01:00:00,49622.4648641225,Wed,21,22,22,2023-01-22 04:07:00,59.26939300635713,3014.0,서울특별시,상세주소505
R00506,2023-01-22 02:00:00,273367.2281636589,Fri,19,26,32,2023-01-22 03:26:00,56.958734366775005,17277.0,경기도,상세주소506
R00507,2023-01-22 03:00:00,246938.63563402754,Thu,7,1,42,2023-01-22 04:17:00,69.44176701261264,12801.0,경기도,상세주소507
R00508,2023-01-22 04:00:00,284990.1740742853,Mon,7,4,17,2023-01-22 05:25:00,73.00038212236339,14054.0,인천광역시,상세주소508
R00509,2023-01-22 05:00:00,217990.13300811962,Fri,16,14,49,2023-01-22 06:34:00,32.0204982263358,24508.0,서울특별시,상세주소509
R00510,2023-01-22 06:00:00,184411.14358480118,Fri,19,17,29,2023-01-22 10:57:00,65.914512525415,10071.0,경기도,상세주소510
R00511,2023-01-22 07:00:00,126054.66785089504,Sat,19,20,25,2023-01-22 08:38:00,59.986371811136095,7564.0,충청남도,상세주소511
R00512,2023-01-22 08:00:00,279885.81652284996,Mon,22,18,15,2023-01-22 12:05:00,44.20962321779374,22791.0,경기도,상세주소512
R00513,2023-01-22 09:00:00,259953.1029606221,Sat,15,11,12,2023-01-22 10:58:00,58.603792196446264,15968.0,서울특별시,상세주소513
R00514,2023-01-22 10:00:00,14520.382361750633,Mon,13,29,38,2023-01-22 14:46:00,36.693503362745496,1424.0,서울특별시,상세주소514
R00515,2023-01-22 11:00:00,8883.72537467835,Sat,10,21,32,2023-01-22 14:09:00,29.78144540252632,1073.0,경기도,상세주소515
R00516,2023-01-22 12:00:00,113562.54669653683,Wed,6,26,25,2023-01-22 16:23:00,61.33696499282056,6665.0,-,상세주소516
R00517,2023-01-22 13:00:00,243355.44590376804,Thu,15,14,47,2023-01-22 15:40:00,78.04154046791152,11225.0,서울특별시,상세주소517
R00518,2023-01-22 14:00:00,296195.56266516837,Thu,12,9,0,2023-01-22 15:18:00,53.05418523693284,20098.0,서울특별시,상세주소518
R00519,2023-01-22 15:00:00,45974.65043995493,Mon,14,27,48,2023-01-22 17:56:00,40.785414723846486,4058.0,서울특별시,상세주소519
R00520,2023-01-22 16:00:00,178645.0838902884,Tue,23,15,37,2023-01-22 16:31:00,43.894024288240004,14651.0,경기도,상세주소520
R00521,2023-01-22 17:00:00,114886.36613267544,Sun,15,12,1,2023-01-22 19:54:00,70.97889035533106,5826.0,경기도,상세주소521
R00522,2023-01-22 18:00:00,291004.4049465664,Fri,20,10,48,2023-01-22 19:30:00,93.34770435885196,11222.0,서울특별시,상세주소522
R00523,2023-01-22 19:00:00,252793.5580175769,Fri,22,19,5,2023-01-22 20:18:00,75.40912382854593,12068.0,강원도,상세주소523
R00524,2023-01-22 20:00:00,251660.28270863023,Mon,23,24,45,2023-01-22 22:40:00,86.01583798497114,10532.0,충청남도,상세주소524
R00525,2023-01-22 21:00:00,141139.2547786961,Sat,8,19,49,2023-01-22 22:12:00,39.04752604459662,13012.0,경기도,상세주소525
R00526,2023-01-22 22:00:00,125031.0311989619,Tue,2,6,37,2023-01-22 23:26:00,58.52140166530392,7691.0,서울특별시,상세주소526
R00527,2023-01-22 23:00:00,82748.71450728117,Wed,18,20,41,2023-01-23 00:19:00,80.37381700848815,3706.0,경기도,상세주소527
R00528,2023-01-23 00:00:00,17856.273498627208,Sat,19,24,23,2023-01-23 03:27:00,32.016448375455354,2007.0,경기도,상세주소528
R00529,2023-01-23 01:00:00,259551.9905002609,Sat,4,27,17,2023-01-23 02:15:00,46.832535727471765,19951.0,서울특별시,상세주소529
R00530,2023-01-23 02:00:00,244057.4017298932,Mon,9,6,26,2023-01-23 05:19:00,78.84038314083065,11144.0,서울특별시,상세주소530
R00531,2023-01-23 03:00:00,299915.58431255305,Mon,16,8,40,2023-01-23 05:48:00,65.16851541576698,16567.0,경기도,상세주소531
R00532,2023-01-23 04:00:00,298994.41428509774,Fri,14,1,7,2023-01-23 08:36:00,40.69778135434633,26448.0,서울특별시,상세주소532
R00533,2023-01-23 05:00:00,167074.0799751856,Mon,22,22,27,2023-01-23 07:57:00,27.383571855861796,21964.0,인천광역시,상세주소533
R00534,2023-01-23 06:00:00,230927.23713897265,Mon,7,17,9,2023-01-23 10:19:00,86.74630362730012,9583.0,경기도,상세주소534
R00535,2023-01-23 07:00:00,283484.953234846,Mon,14,17,16,2023-01-23 09:34:00,18.93231232918157,53904.0,인천광역시,상세주소535
R00536,2023-01-23 08:00:00,255044.56981254602,Fri,20,24,28,2023-01-23 11:41:00,72.64790357940609,12638.0,경기도,상세주소536
R00537,2023-01-23 09:00:00,74957.0824212161,Wed,13,15,5,2023-01-23 10:49:00,49.33911129226606,5469.0,서울특별시,상세주소537
R00538,2023-01-23 10:00:00,135712.69645771798,Wed,19,7,13,2023-01-23 12:03:00,80.94136632726702,6036.0,충청남도,상세주소538
R00539,2023-01-23 11:00:00,39618.665130297,Sun,6,19,21,2023-01-23 15:15:00,39.157034003821934,3642.0,서울특별시,상세주소539
R00540,2023-01-23 12:00:00,286261.257150358,Sun,20,22,5,2023-01-23 13:34:00,112.29597870723538,9177.0,강원도,상세주소540
R00541,2023-01-23 13:00:00,182246.21570081313,Mon,22,25,25,2023-01-23 14:57:00,68.04597711376763,9641.0,경기도,상세주소541
R00542,2023-01-23 14:00:00,69364.19884553536,Sun,11,23,38,2023-01-23 15:57:00,71.34138437571178,3500.0,서울특별시,상세주소542
R00543,2023-01-23 15:00:00,201838.50463735117,Fri,16,28,11,2023-01-23 18:50:00,44.53905626446314,16314.0,서울특별시,상세주소543
R00544,2023-01-23 16:00:00,185820.34389691084,Wed,16,3,34,2023-01-23 20:03:00,57.33239331602347,11667.0,서울특별시,상세주소544
R00545,2023-01-23 17:00:00,108090.65269181931,Sat,9,30,13,2023-01-23 20:53:00,57.851018544876396,6726.0,충청남도,상세주소545
R00546,2023-01-23 18:00:00,34953.72006768908,Wed,18,30,21,2023-01-23 19:58:00,95.92136658503365,1311.0,인천광역시,상세주소546
R00547,2023-01-23 19:00:00,201800.38548224707,Wed,13,29,22,2023-01-23 20:30:00,68.01153542855573,10681.0,인천광역시,상세주소547
R00548,2023-01-23 20:00:00,156572.0025702342,Fri,10,22,47,2023-01-23 22:03:00,70.87659412806477,7952.0,경기도,상세주소548
R00549,2023-01-23 21:00:00,231923.19912895616,Sun,1,11,6,2023-01-23 21:56:00,70.65297752963728,11817.0,경기도,상세주소549
R00550,2023-01-23 22:00:00,,Sat,17,20,39,2023-01-24 02:03:00,72.57221798169194,7764.0,서울특별시,상세주소550
R00551,2023-01-23 23:00:00,255802.26859524348,Fri,6,30,49,2023-01-24 00:43:00,32.210929805144204,28589.0,서울특별시,상세주소551
R00552,2023-01-24 00:00:00,166020.14479357118,Mon,11,29,24,2023-01-24 01:30:00,100.98536216073428,5918.0,-,상세주소552
R00553,2023-01-24 01:00:00,168720.4534890805,Thu,1,19,12,2023-01-24 04:35:00,42.45022855610081,14308.0,경기도,상세주소553
R00554,2023-01-24 02:00:00,263119.42719484516,Wed,19,9,20,2023-01-24 03:00:00,59.23191328661826,15991.0,경기도,상세주소554
R00555,2023-01-24 03:00:00,121641.37699750671,Thu,17,10,40,2023-01-24 07:08:00,90.62965795043255,4831.0,서울특별시,상세주소555
R00556,2023-01-24 04:00:00,41070.55330674158,Fri,5,2,9,2023-01-24 04:41:00,98.69250593474723,1498.0,충청남도,상세주소556
R00557,2023-01-24 05:00:00,9606.020217688352,Fri,23,1,8,2023-01-24 06:01:00,76.11908159462949,454.0,강원도,상세주소557
R00558,2023-01-24 06:00:00,226786.0394464121,Fri,9,30,14,2023-01-24 09:09:00,347.76884584039095,2347.0,경기도,상세주소558
R00559,2023-01-24 07:00:00,186472.55585468592,Thu,19,16,1,2023-01-24 11:26:00,62.554691058886,10731.0,경기도,상세주소559
R00560,2023-01-24 08:00:00,211519.85066166785,Fri,14,18,24,2023-01-24 12:16:00,63.33934558215709,12022.0,서울특별시,상세주소560
R00561,2023-01-24 09:00:00,64676.28429116431,Mon,4,23,12,2023-01-24 12:30:00,64.04780914618267,3635.0,경기도,상세주소561
R00562,2023-01-24 10:00:00,41775.07120044416,Fri,19,26,33,2023-01-24 11:15:00,35.39893945175072,4248.0,-,상세주소562
R00563,2023-01-24 11:00:00,5348.855034696697,Tue,2,17,33,2023-01-24 12:49:00,85.20219064790975,226.0,서울특별시,상세주소563
R00564,2023-01-24 12:00:00,105825.6800831725,Sun,4,6,34,2023-01-24 14:44:00,62.691779518755574,6076.0,경기도,상세주소564
R00565,2023-01-24 13:00:00,177385.3883695353,Thu,7,14,37,2023-01-24 17:49:00,45.55562462100117,14017.0,경기도,상세주소565
R00566,2023-01-24 14:00:00,118280.96948481996,Tue,7,23,2,2023-01-24 18:36:00,50.03213824505117,8510.0,경기도,상세주소566
R00567,2023-01-24 15:00:00,131805.001685095,Fri,7,25,41,2023-01-24 18:08:00,65.39700071017425,7255.0,충청남도,상세주소567
R00568,2023-01-24 16:00:00,271343.4496536308,Mon,11,15,5,2023-01-24 19:52:00,31.941867008831867,30581.0,경기도,상세주소568
R00569,2023-01-24 17:00:00,105128.38463996681,Wed,23,14,47,2023-01-24 19:21:00,77.56870152331913,4879.0,경기도,상세주소569
R00570,2023-01-24 18:00:00,154682.85725878342,Sat,22,24,48,2023-01-24 20:28:00,64.69460604819483,8607.0,-,상세주소570
R00571,2023-01-24 19:00:00,235312.25080960177,Sun,7,22,18,2023-01-24 19:46:00,91.31379234052184,9277.0,경기도,상세주소571
R00572,2023-01-24 20:00:00,119566.29191405978,Sat,10,3,2,2023-01-25 00:16:00,61.55167442269141,6993.0,인천광역시,상세주소572
R00573,2023-01-24 21:00:00,187003.9233681342,Fri,13,24,17,2023-01-24 23:26:00,38.294641204289015,17579.0,경기도,상세주소573
R00574,2023-01-24 22:00:00,258846.7489152768,Sun,7,23,38,2023-01-24 23:12:00,36.04393620245329,25853.0,서울특별시,상세주소574
R00575,2023-01-24 23:00:00,284906.666473635,Sun,23,19,8,2023-01-25 01:24:00,52.185887721751435,19654.0,경기도,상세주소575
R00576,2023-01-25 00:00:00,44974.97079778234,Mon,9,25,11,2023-01-25 01:06:00,54.30190466756938,2981.0,경기도,상세주소576
R00577,2023-01-25 01:00:00,278049.6999232868,Sun,6,12,4,2023-01-25 03:22:00,48.654765706848366,20573.0,서울특별시,상세주소577
R00578,2023-01-25 02:00:00,148142.7716307819,Thu,16,2,2,2023-01-25 03:04:00,62.569610658368696,8523.0,경기도,상세주소578
R00579,2023-01-25 03:00:00,78215.07210138855,Tue,3,3,10,2023-01-25 05:41:00,48.147126122286465,5848.0,서울특별시,상세주소579
R00580,2023-01-25 04:00:00,138281.59111524012,Tue,12,18,29,2023-01-25 08:17:00,65.08411788848478,7648.0,경기도,상세주소580
R00581,2023-01-25 05:00:00,294029.74001035764,Tue,3,29,3,2023-01-25 07:56:00,49.58703168663461,21346.0,서울특별시,상세주소581
R00582,2023-01-25 06:00:00,148292.81010386802,Thu,4,1,4,2023-01-25 08:31:00,72.63407415469143,7349.0,강원도,상세주소582
R00583,2023-01-25 07:00:00,99296.73147596496,Sat,21,20,0,2023-01-25 08:50:00,53.798024132463524,6644.0,경기도,상세주소583
R00584,2023-01-25 08:00:00,190386.855440701,Mon,3,21,26,2023-01-25 11:22:00,84.92413344534864,8070.0,경기도,상세주소584
R00585,2023-01-25 09:00:00,72803.54001467973,Sun,17,29,27,2023-01-25 12:03:00,73.04589399579307,3588.0,충청남도,상세주소585
R00586,2023-01-25 10:00:00,23683.135104490513,Thu,5,6,28,2023-01-25 12:59:00,63.87170679623411,1334.0,서울특별시,상세주소586
R00587,2023-01-25 11:00:00,39535.036851284116,Tue,23,5,17,2023-01-25 12:27:00,55.846454667201826,2548.0,경기도,상세주소587
R00588,2023-01-25 12:00:00,39285.70584837396,Fri,23,1,11,2023-01-25 13:32:00,29.619805493427545,4774.0,서울특별시,상세주소588
R00589,2023-01-25 13:00:00,46418.90536017601,Wed,22,19,12,2023-01-25 16:05:00,88.27098809347844,1893.0,경기도,상세주소589
R00590,2023-01-25 14:00:00,42509.32462217363,Sun,21,1,40,2023-01-25 17:17:00,46.38445843165401,3299.0,경기도,상세주소590
R00591,2023-01-25 15:00:00,192621.54869616116,Thu,1,27,1,2023-01-25 18:15:00,61.81464268804439,11218.0,강원도,상세주소591
R00592,2023-01-25 16:00:00,55382.1452353443,Thu,22,21,36,2023-01-25 17:54:00,66.87608647071764,2981.0,인천광역시,상세주소592
R00593,2023-01-25 17:00:00,104354.5177138351,Mon,10,21,44,2023-01-25 19:46:00,56.329768808438814,6669.0,서울특별시,상세주소593
R00594,2023-01-25 18:00:00,269139.7345618975,Mon,13,16,15,2023-01-25 21:38:00,87.09202108716056,11125.0,경기도,상세주소594
R00595,2023-01-25 19:00:00,142714.53043859883,Thu,4,12,47,2023-01-25 19:31:00,35.57258165182507,14442.0,경기도,상세주소595
R00596,2023-01-25 20:00:00,,Tue,5,27,23,2023-01-25 22:15:00,94.67869613974675,7627.0,충청남도,상세주소596
R00597,2023-01-25 21:00:00,52523.64148928732,Wed,9,29,34,2023-01-25 22:41:00,73.43115115016633,2574.0,경기도,상세주소597
R00598,2023-01-25 22:00:00,58494.41662379256,Sun,7,22,21,2023-01-26 00:35:00,55.071588263310616,3823.0,경기도,상세주소598
R00599,2023-01-25 23:00:00,13219.71626367718,Mon,13,8,35,2023-01-26 02:19:00,55.295400121374236,860.0,경기도,상세주소599
R00600,2023-01-26 00:00:00,51511.5838585772,Sun,23,26,10,2023-01-26 03:54:00,15.66356992192317,11839.0,서울특별시,상세주소600
R00601,2023-01-26 01:00:00,84298.51137055563,Tue,2,16,45,2023-01-26 04:44:00,43.03534459663797,7051.0,경기도,상세주소601
R00602,2023-01-26 02:00:00,53926.1347987473,Sun,11,28,28,2023-01-26 05:07:00,52.92192489973914,3668.0,경기도,상세주소602
R00603,2023-01-26 03:00:00,27522.057593359626,Fri,15,1,34,2023-01-26 05:50:00,63.522099520618156,1559.0,충청남도,상세주소603
R00604,2023-01-26 04:00:00,37070.125459079645,Mon,22,4,47,2023-01-26 04:36:00,85.19162488904453,1566.0,서울특별시,상세주소604
R00605,2023-01-26 05:00:00,138772.851641785,Tue,16,10,14,2023-01-26 06:23:00,100.75091249657902,4958.0,경기도,상세주소605
R00606,2023-01-26 06:00:00,62693.78180333196,Tue,0,11,30,2023-01-26 08:13:00,65.44534197605147,3448.0,인천광역시,상세주소606
R00607,2023-01-26 07:00:00,109916.68845337456,Wed,22,17,41,2023-01-26 08:30:00,64.11218624285931,6171.0,경기도,상세주소607
R00608,2023-01-26 08:00:00,151521.7639856022,Wed,9,25,40,2023-01-26 09:56:00,50.19296464976263,10867.0,서울특별시,상세주소608
R00609,2023-01-26 09:00:00,207428.05376018022,Fri,22,27,42,2023-01-26 13:47:00,25.6979971335426,29058.0,서울특별시,상세주소609
R00610,2023-01-26 10:00:00,12754.329812488582,Tue,9,23,15,2023-01-26 13:27:00,47.88426947589568,958.0,경기도,상세주소610
R00611,2023-01-26 11:00:00,240023.70927380375,Sat,20,7,9,2023-01-26 15:31:00,55.889978405079546,15460.0,경기도,상세주소611
R00612,2023-01-26 12:00:00,188742.2164577814,Tue,23,12,48,2023-01-26 15:52:00,79.50788841330325,8545.0,인천광역시,상세주소612
R00613,2023-01-26 13:00:00,25445.9505527127,Wed,1,21,31,2023-01-26 14:00:00,70.39029063163893,1301.0,강원도,상세주소613
R00614,2023-01-26 14:00:00,262200.00860792643,Sat,8,7,1,2023-01-26 15:49:00,64.4309044780212,14650.0,서울특별시,상세주소614
R00615,2023-01-26 15:00:00,276340.84775901213,Mon,21,12,23,2023-01-26 15:40:00,48.38399813021495,20561.0,경기도,상세주소615
R00616,2023-01-26 16:00:00,19262.30999660426,Mon,12,15,22,2023-01-26 20:43:00,20.357665019117384,3406.0,경기도,상세주소616
R00617,2023-01-26 17:00:00,83786.41679601392,Sun,15,2,1,2023-01-26 20:25:00,21.56487902534692,13987.0,경기도,상세주소617
R00618,2023-01-26 18:00:00,242054.18265812533,Thu,17,14,37,2023-01-26 20:35:00,26.72527066115976,,경기도,상세주소618
R00619,2023-01-26 19:00:00,224729.64742471385,Wed,18,13,30,2023-01-26 20:16:00,54.159866475905645,14937.0,서울특별시,상세주소619
R00620,2023-01-26 20:00:00,56171.78478755682,Thu,11,4,39,2023-01-26 23:55:00,79.88088875435979,2531.0,서울특별시,상세주소620
R00621,2023-01-26 21:00:00,63595.44767767638,Sat,7,14,25,2023-01-26 23:16:00,79.34131139921767,2885.0,경기도,상세주소621
R00622,2023-01-26 22:00:00,111771.15873462321,Wed,16,14,28,2023-01-27 00:32:00,75.87431524154873,5303.0,경기도,상세주소622
R00623,2023-01-26 23:00:00,145872.3725721154,Fri,14,16,2,2023-01-27 01:43:00,49.698090329639214,10566.0,서울특별시,상세주소623
R00624,2023-01-27 00:00:00,185858.1766875585,Tue,9,7,13,2023-01-27 02:16:00,82.8852633223422,8072.0,경기도,상세주소624
R00625,2023-01-27 01:00:00,111305.17823136195,Fri,14,19,24,2023-01-27 02:19:00,41.37858847420313,9683.0,-,상세주소625
R00626,2023-01-27 02:00:00,139297.88012381122,Sat,14,2,47,2023-01-27 04:04:00,77.06786877717752,6506.0,서울특별시,상세주소626
R00627,2023-01-27 03:00:00,224493.8105019932,Wed,22,10,0,2023-01-27 07:57:00,26.508473604238894,30487.0,충청남도,상세주소627
R00628,2023-01-27 04:00:00,11968.277664288771,Sat,6,18,2,2023-01-27 04:52:00,36.457755122255634,1181.0,충청남도,상세주소628
R00629,2023-01-27 05:00:00,76478.6463588622,Tue,12,29,25,2023-01-27 06:23:00,93.05230121941128,2958.0,충청남도,상세주소629
R00630,2023-01-27 06:00:00,214291.52617948118,Mon,16,17,17,2023-01-27 10:43:00,55.92330772341591,13794.0,경기도,상세주소630
R00631,2023-01-27 07:00:00,268666.8444684726,Mon,8,5,8,2023-01-27 11:24:00,46.38060281167101,20853.0,강원도,상세주소631
R00632,2023-01-27 08:00:00,153991.55519258417,Sat,7,12,37,2023-01-27 09:28:00,82.05517417331308,6756.0,경기도,상세주소632
R00633,2023-01-27 09:00:00,160101.9320943294,Thu,19,6,22,2023-01-27 12:13:00,84.34743247114544,6833.0,경기도,상세주소633
R00634,2023-01-27 10:00:00,33044.43139059304,Wed,20,22,20,2023-01-27 14:48:00,51.33438383801555,2317.0,서울특별시,상세주소634
R00635,2023-01-27 11:00:00,134776.29768021294,Wed,17,9,0,2023-01-27 15:05:00,65.56926905884274,7399.0,경기도,상세주소635
R00636,2023-01-27 12:00:00,160252.56267005194,Mon,12,20,20,2023-01-27 15:32:00,62.73814850814287,9195.0,경기도,상세주소636
R00637,2023-01-27 13:00:00,73498.68058678418,Sun,15,1,26,2023-01-27 14:26:00,10.0,26459.0,경기도,상세주소637
R00638,2023-01-27 14:00:00,81503.72605386491,Fri,8,22,41,2023-01-27 16:54:00,32.08279842472545,9145.0,경기도,상세주소638
R00639,2023-01-27 15:00:00,113807.96476828217,Sun,11,15,5,2023-01-27 16:59:00,78.84508828364153,5196.0,서울특별시,상세주소639
R00640,2023-01-27 16:00:00,7001.288135540184,Tue,11,21,43,2023-01-27 17:14:00,43.347915019145006,581.0,경기도,상세주소640
R00641,2023-01-27 17:00:00,97301.6705093703,Fri,5,26,35,2023-01-27 21:46:00,70.59675792130128,4961.0,서울특별시,상세주소641
R00642,2023-01-27 18:00:00,64222.95409196685,Fri,18,6,27,2023-01-27 18:50:00,65.26080902691066,3542.0,-,상세주소642
R00643,2023-01-27 19:00:00,98921.70830119649,Sat,6,19,44,2023-01-27 19:50:00,84.30865540255763,4223.0,서울특별시,상세주소643
R00644,2023-01-27 20:00:00,36808.877413956114,Mon,2,18,16,2023-01-27 21:21:00,32.72417023184287,4049.0,서울특별시,상세주소644
R00645,2023-01-27 21:00:00,267267.6569412286,Sun,15,6,39,2023-01-28 00:20:00,67.88411681922504,14173.0,-,상세주소645
R00646,2023-01-27 22:00:00,178484.14361266055,Sun,17,13,2,2023-01-27 23:36:00,58.69171083729112,10947.0,경기도,상세주소646
R00647,2023-01-27 23:00:00,204051.59342420238,Mon,15,1,11,2023-01-28 01:22:00,44.20451318650105,16617.0,서울특별시,상세주소647
R00648,2023-01-28 00:00:00,236962.20034359416,Sun,22,23,38,2023-01-28 03:09:00,44.06407179441524,19359.0,충청남도,상세주소648
R00649,2023-01-28 01:00:00,150034.21747978812,Mon,6,23,11,2023-01-28 05:55:00,64.54961761651327,8367.0,강원도,상세주소649
R00650,2023-01-28 02:00:00,26989.166138139684,Sat,3,26,1,2023-01-28 06:21:00,72.59340342103583,1338.0,서울특별시,상세주소650
R00651,2023-01-28 03:00:00,161594.85600374578,Thu,7,13,45,2023-01-28 04:37:00,61.2719256508859,9494.0,경기도,상세주소651
R00652,2023-01-28 04:00:00,,Fri,12,7,21,2023-01-28 04:57:00,61.89428503714557,10263.0,강원도,상세주소652
R00653,2023-01-28 05:00:00,223886.40278111465,Sat,12,15,22,2023-01-28 07:25:00,50.03011191927953,16110.0,경기도,상세주소653
R00654,2023-01-28 06:00:00,130066.20432267414,Wed,16,12,29,2023-01-28 07:20:00,51.35628365900552,9117.0,경기도,상세주소654
R00655,2023-01-28 07:00:00,39146.51053587357,Tue,16,27,4,2023-01-28 10:30:00,44.15059283284205,3191.0,경기도,상세주소655
R00656,2023-01-28 08:00:00,85848.99583381861,Thu,4,26,8,2023-01-28 12:49:00,49.627966966099436,6227.0,서울특별시,상세주소656
R00657,2023-01-28 09:00:00,109561.6066231919,Wed,5,1,20,2023-01-28 10:48:00,71.89351183669994,5486.0,인천광역시,상세주소657
R00658,2023-01-28 10:00:00,194129.25515814876,Fri,18,15,10,2023-01-28 12:17:00,74.12811248867698,9427.0,충청남도,상세주소658
R00659,2023-01-28 11:00:00,171662.71309600465,Sun,12,4,4,2023-01-28 12:43:00,34.48248768387725,17921.0,인천광역시,상세주소659
R00660,2023-01-28 12:00:00,107472.92104345602,Mon,13,13,34,2023-01-28 15:24:00,42.07126649436803,9196.0,경기도,상세주소660
R00661,2023-01-28 13:00:00,295968.05938910093,Fri,21,23,26,2023-01-28 16:33:00,45.79203952661617,23267.0,서울특별시,상세주소661
R00662,2023-01-28 14:00:00,182126.67098770925,Sat,3,27,48,2023-01-28 14:52:00,58.71926276467168,11165.0,인천광역시,상세주소662
R00663,2023-01-28 15:00:00,71930.81072906234,Tue,6,25,1,2023-01-28 17:38:00,26.336943879271928,9832.0,서울특별시,상세주소663
R00664,2023-01-28 16:00:00,31432.95931350072,Sat,7,5,23,2023-01-28 19:35:00,42.421859045233184,2667.0,강원도,상세주소664
R00665,2023-01-28 17:00:00,46704.882616115276,Thu,12,29,30,2023-01-28 18:28:00,32.28836973955855,5207.0,충청남도,상세주소665
R00666,2023-01-28 18:00:00,74541.36078696793,Thu,5,2,32,2023-01-28 18:30:00,68.00964268420232,3945.0,서울특별시,상세주소666
R00667,2023-01-28 19:00:00,49043.730604607146,Tue,5,23,38,2023-01-28 21:40:00,59.406501153354704,2972.0,경기도,상세주소667
R00668,2023-01-28 20:00:00,56783.54019134042,Wed,23,26,29,2023-01-28 21:36:00,50.749049491152604,4028.0,서울특별시,상세주소668
R00669,2023-01-28 21:00:00,86243.45543946029,Wed,20,1,45,2023-01-28 22:58:00,38.73445438463958,8015.0,강원도,상세주소669
R00670,2023-01-28 22:00:00,52838.704993131694,Thu,2,16,36,2023-01-29 00:09:00,51.05807097421611,3725.0,경기도,상세주소670
R00671,2023-01-28 23:00:00,269132.86196330114,Thu,2,23,27,2023-01-29 02:38:00,48.70615768484157,19892.0,충청남도,상세주소671
R00672,2023-01-29 00:00:00,24989.88995283102,Sun,12,6,30,2023-01-29 04:30:00,92.69333105039743,970.0,경기도,상세주소672
R00673,2023-01-29 01:00:00,157828.90548150614,Mon,21,23,10,2023-01-29 05:59:00,79.9403942316354,7107.0,서울특별시,상세주소673
R00674,2023-01-29 02:00:00,123708.65126990879,Sun,1,16,22,2023-01-29 06:08:00,46.1858414814216,9642.0,서울특별시,상세주소674
R00675,2023-01-29 03:00:00,294731.2064556733,Sun,15,14,1,2023-01-29 06:25:00,63.30390681904914,16760.0,서울특별시,상세주소675
R00676,2023-01-29 04:00:00,34499.63174824765,Wed,21,29,39,2023-01-29 08:22:00,78.88417293171992,1574.0,충청남도,상세주소676
R00677,2023-01-29 05:00:00,119958.82411467675,Tue,5,26,40,2023-01-29 08:00:00,46.179716254074236,9351.0,경기도,상세주소677
R00678,2023-01-29 06:00:00,290871.6595493353,Wed,7,3,26,2023-01-29 10:18:00,31.657785180534603,33076.0,경기도,상세주소678
R00679,2023-01-29 07:00:00,259786.6306423001,Mon,22,15,34,2023-01-29 10:20:00,24.062829581347522,38866.0,인천광역시,상세주소679
R00680,2023-01-29 08:00:00,245304.5492138347,Sat,7,3,1,2023-01-29 12:12:00,85.44533839829215,10335.0,경기도,상세주소680
R00681,2023-01-29 09:00:00,78112.94528643701,Thu,5,23,38,2023-01-29 13:02:00,56.17875237060165,5005.0,서울특별시,상세주소681
R00682,2023-01-29 10:00:00,52095.38862962968,Thu,13,29,36,2023-01-29 11:10:00,65.82650465749398,2849.0,경기도,상세주소682
R00683,2023-01-29 11:00:00,200924.32275740488,Mon,2,2,20,2023-01-29 13:31:00,48.5152524936188,14909.0,경기도,상세주소683
R00684,2023-01-29 12:00:00,278883.4207491482,Sun,9,1,4,2023-01-29 16:16:00,34.642021630206315,28981.0,서울특별시,상세주소684
R00685,2023-01-29 13:00:00,167472.105011165,Tue,2,9,44,2023-01-29 14:57:00,38.37398350321804,15711.0,인천광역시,상세주소685
R00686,2023-01-29 14:00:00,171912.19415150007,Thu,11,9,20,2023-01-29 18:56:00,33.17930415414782,18652.0,경기도,상세주소686
R00687,2023-01-29 15:00:00,84713.74900442497,Fri,16,23,28,2023-01-29 15:58:00,76.99988828937751,3960.0,경기도,상세주소687
R00688,2023-01-29 16:00:00,231078.38702438914,Sun,4,7,19,2023-01-29 20:36:00,89.851223166641,9258.0,경기도,상세주소688
R00689,2023-01-29 17:00:00,56926.08081869949,Thu,19,3,37,2023-01-29 21:33:00,60.74487924950045,3373.0,서울특별시,상세주소689
R00690,2023-01-29 18:00:00,97780.09168486886,Fri,8,26,19,2023-01-29 19:30:00,29.644018135992024,11874.0,경기도,상세주소690
R00691,2023-01-29 19:00:00,128205.49514630862,Mon,20,18,49,2023-01-29 21:56:00,69.93168381671217,6599.0,서울특별시,상세주소691
R00692,2023-01-29 20:00:00,152775.50322665204,Mon,19,11,24,2023-01-29 23:23:00,85.29969329985086,6447.0,인천광역시,상세주소692
R00693,2023-01-29 21:00:00,73480.50999210899,Sun,6,7,1,2023-01-29 23:51:00,79.43333534966787,3330.0,서울특별시,상세주소693
R00694,2023-01-29 22:00:00,35336.210597021854,Thu,21,9,31,2023-01-29 23:13:00,59.41737903030012,2140.0,경기도,상세주소694
R00695,2023-01-29 23:00:00,183575.39269004815,Wed,3,1,25,2023-01-30 01:53:00,55.31035526746235,11948.0,서울특별시,상세주소695
R00696,2023-01-30 00:00:00,87300.53541883647,Fri,12,29,5,2023-01-30 01:24:00,59.25667357580539,5303.0,강원도,상세주소696
R00697,2023-01-30 01:00:00,174790.22820536108,Tue,12,14,40,2023-01-30 04:10:00,84.50498009953432,7446.0,경기도,상세주소697
R00698,2023-01-30 02:00:00,47154.45186698649,Thu,9,20,2,2023-01-30 05:47:00,75.20730855642765,2257.0,경기도,상세주소698
R00699,2023-01-30 03:00:00,144860.89045459044,Tue,17,6,32,2023-01-30 06:08:00,52.28486000753396,9974.0,서울특별시,상세주소699
R00700,2023-01-30 04:00:00,160244.24033292418,Thu,16,7,0,2023-01-30 05:49:00,51.781694484192066,11140.0,경기도,상세주소700
R00701,2023-01-30 05:00:00,16495.237509905644,Wed,19,10,4,2023-01-30 06:00:00,50.3660990251863,1179.0,서울특별시,상세주소701
R00702,2023-01-30 06:00:00,101644.67917998225,Wed,19,7,12,2023-01-30 08:21:00,38.70734732895397,,충청남도,상세주소702
R00703,2023-01-30 07:00:00,41189.9884047533,Sun,12,26,18,2023-01-30 08:15:00,87.03676471490772,1703.0,서울특별시,상세주소703
R00704,2023-01-30 08:00:00,19949.116171357557,Sun,16,2,11,2023-01-30 11:54:00,44.24352504507122,1623.0,서울특별시,상세주소704
R00705,2023-01-30 09:00:00,296998.1094845936,Wed,21,30,47,2023-01-30 10:21:00,69.80552131333506,15316.0,서울특별시,상세주소705
R00706,2023-01-30 10:00:00,97383.79964744217,Sat,3,4,24,2023-01-30 12:47:00,46.77144723364336,7495.0,경기도,상세주소706
R00707,2023-01-30 11:00:00,243152.45931053584,Wed,0,21,34,2023-01-30 12:43:00,50.455522359332754,17348.0,경기도,상세주소707
R00708,2023-01-30 12:00:00,77137.55577436539,Mon,0,30,11,2023-01-30 13:10:00,57.722384665540574,4810.0,충청남도,상세주소708
R00709,2023-01-30 13:00:00,204769.31394495486,Mon,14,28,29,2023-01-30 14:46:00,70.90484849668415,10396.0,강원도,상세주소709
R00710,2023-01-30 14:00:00,228308.13010701627,Sat,12,17,4,2023-01-30 17:36:00,54.815522364290416,14994.0,인천광역시,상세주소710
R00711,2023-01-30 15:00:00,179095.98344174543,Fri,16,1,33,2023-01-30 16:21:00,37.21589656765336,17324.0,강원도,상세주소711
R00712,2023-01-30 16:00:00,142001.28037649737,Tue,23,10,21,2023-01-30 17:56:00,60.381626621582015,8466.0,경기도,상세주소712
R00713,2023-01-30 17:00:00,124140.4333300333,Thu,7,19,38,2023-01-30 19:18:00,44.6665640161674,10005.0,경기도,상세주소713
R00714,2023-01-30 18:00:00,105311.6116963556,Thu,17,15,12,2023-01-30 22:14:00,90.87676613829062,4171.0,경기도,상세주소714
R00715,2023-01-30 19:00:00,278929.2141300999,Sat,12,10,46,2023-01-30 23:37:00,54.801109950548216,18323.0,경기도,상세주소715
R00716,2023-01-30 20:00:00,249355.202928531,Mon,22,19,2,2023-01-30 21:38:00,46.64061323857729,19246.0,충청남도,상세주소716
R00717,2023-01-30 21:00:00,289543.0462892873,Sun,13,12,19,2023-01-30 23:29:00,99.49601599306686,10476.0,-,상세주소717
R00718,2023-01-30 22:00:00,38164.869822177876,Thu,7,24,30,2023-01-30 23:36:00,74.77779404884946,1837.0,충청남도,상세주소718
R00719,2023-01-30 23:00:00,219529.37508588962,Mon,7,16,4,2023-01-31 00:30:00,42.06451772391567,18787.0,서울특별시,상세주소719
R00720,2023-01-31 00:00:00,281563.7965894903,Fri,14,9,23,2023-01-31 03:40:00,44.18171880006792,22942.0,경기도,상세주소720
R00721,2023-01-31 01:00:00,55188.68678353239,Tue,12,15,39,2023-01-31 04:38:00,69.48365962181363,2859.0,경기도,상세주소721
R00722,2023-01-31 02:00:00,20882.38394266647,Fri,6,30,32,2023-01-31 05:00:00,60.869526020697975,1235.0,경기도,상세주소722
R00723,2023-01-31 03:00:00,222595.07413772764,Sat,4,27,7,2023-01-31 05:05:00,77.8035108544095,10299.0,서울특별시,상세주소723
R00724,2023-01-31 04:00:00,172767.46084079365,Wed,16,28,23,2023-01-31 08:52:00,46.74647398016833,13305.0,서울특별시,상세주소724
R00725,2023-01-31 05:00:00,252706.80425072333,Wed,15,17,49,2023-01-31 07:06:00,74.02218249596955,12290.0,강원도,상세주소725
R00726,2023-01-31 06:00:00,42791.94061126056,Wed,22,14,19,2023-01-31 08:22:00,15.234233177839123,10112.0,충청남도,상세주소726
R00727,2023-01-31 07:00:00,238784.92624610718,Fri,1,27,15,2023-01-31 09:34:00,56.91116261482456,15104.0,경기도,상세주소727
R00728,2023-01-31 08:00:00,61286.568694275615,Thu,21,18,49,2023-01-31 10:41:00,47.65641707978536,4629.0,경기도,상세주소728
R00729,2023-01-31 09:00:00,49933.12691684565,Tue,17,26,11,2023-01-31 11:30:00,50.899067586651604,3531.0,서울특별시,상세주소729
R00730,2023-01-31 10:00:00,50115.47358136689,Wed,16,2,12,2023-01-31 13:46:00,57.94250707747843,3113.0,경기도,상세주소730
R00731,2023-01-31 11:00:00,244557.84134918326,Sat,6,4,44,2023-01-31 13:31:00,82.77007279187393,10636.0,인천광역시,상세주소731
R00732,2023-01-31 12:00:00,199893.96898816383,Sat,12,18,41,2023-01-31 16:49:00,36.91920241357906,19491.0,서울특별시,상세주소732
R00733,2023-01-31 13:00:00,157396.56200596667,Wed,17,7,38,2023-01-31 14:08:00,16.239139911800002,34892.0,경기도,상세주소733
R00734,2023-01-31 14:00:00,108290.31475292724,Wed,13,13,24,2023-01-31 15:23:00,39.23892857776773,9935.0,서울특별시,상세주소734
R00735,2023-01-31 15:00:00,263282.9617031194,Tue,17,15,45,2023-01-31 18:10:00,80.4487186385632,11781.0,서울특별시,상세주소735
R00736,2023-01-31 16:00:00,118341.08711936798,Wed,12,25,31,2023-01-31 19:49:00,27.100173290168506,15720.0,충청남도,상세주소736
R00737,2023-01-31 17:00:00,245163.23240200154,Tue,10,23,23,2023-01-31 17:45:00,48.56104718830247,18174.0,경기도,상세주소737
R00738,2023-01-31 18:00:00,132301.3376624953,Sat,20,28,47,2023-01-31 21:22:00,76.79154749623663,6202.0,충청남도,상세주소738
R00739,2023-01-31 19:00:00,113706.38439804736,Wed,20,22,46,2023-01-31 23:37:00,58.83142913491292,6957.0,서울특별시,상세주소739
R00740,2023-01-31 20:00:00,139341.25591521233,Fri,15,26,43,2023-02-01 00:07:00,82.5741344170064,6074.0,인천광역시,상세주소740
R00741,2023-01-31 21:00:00,91111.98437507848,Sun,22,1,8,2023-01-31 22:56:00,19.30209033100993,16993.0,경기도,상세주소741
R00742,2023-01-31 22:00:00,224535.2046726991,Fri,16,11,39,2023-01-31 23:51:00,53.567818249379684,15089.0,서울특별시,상세주소742
R00743,2023-01-31 23:00:00,151313.39663765125,Sat,7,10,49,2023-02-01 00:31:00,86.74354332709999,6279.0,서울특별시,상세주소743
R00744,2023-02-01 00:00:00,70431.59584889837,Tue,18,25,22,2023-02-01 01:11:00,37.462367077356696,6768.0,서울특별시,상세주소744
R00745,2023-02-01 01:00:00,269972.797409096,Fri,19,5,49,2023-02-01 01:41:00,80.69619686776173,12043.0,인천광역시,상세주소745
R00746,2023-02-01 02:00:00,115783.47519059021,Tue,14,16,12,2023-02-01 06:23:00,55.28619233879676,7539.0,서울특별시,상세주소746
R00747,2023-02-01 03:00:00,163522.30547308258,Fri,8,11,31,2023-02-01 05:40:00,68.68258850111846,8571.0,충청남도,상세주소747
R00748,2023-02-01 04:00:00,272035.1611783995,Fri,19,21,49,2023-02-01 06:24:00,85.29313814045082,11481.0,경기도,상세주소748
R00749,2023-02-01 05:00:00,187647.16077828364,Tue,9,6,14,2023-02-01 09:07:00,68.59672302096178,9847.0,충청남도,상세주소749
R00750,2023-02-01 06:00:00,35952.51417180086,Thu,11,9,35,2023-02-01 08:46:00,48.175008812612674,2686.0,경기도,상세주소750
R00751,2023-02-01 07:00:00,282009.8049604291,Fri,20,13,48,2023-02-01 09:15:00,71.24125504250456,14250.0,충청남도,상세주소751
R00752,2023-02-01 08:00:00,188684.70786835393,Wed,22,24,4,2023-02-01 11:28:00,46.764003094379895,14525.0,강원도,상세주소752
R00753,2023-02-01 09:00:00,101136.77878246875,Sun,19,8,21,2023-02-01 09:45:00,65.46733705570776,5561.0,경기도,상세주소753
R00754,2023-02-01 10:00:00,42642.34972635279,Sat,0,14,15,2023-02-01 14:31:00,34.963140811504545,4390.0,서울특별시,상세주소754
R00755,2023-02-01 11:00:00,238413.5315918185,Thu,19,24,40,2023-02-01 15:15:00,60.5818934682459,14167.0,서울특별시,상세주소755
R00756,2023-02-01 12:00:00,186401.75402262554,Tue,8,1,9,2023-02-01 16:31:00,83.78586156577529,8009.0,경기도,상세주소756
R00757,2023-02-01 13:00:00,160504.86650092012,Thu,21,17,23,2023-02-01 15:50:00,54.02460554869883,10695.0,서울특별시,상세주소757
R00758,2023-02-01 14:00:00,268273.88233223633,Mon,14,24,17,2023-02-01 17:48:00,81.87380877698622,11796.0,경기도,상세주소758
R00759,2023-02-01 15:00:00,236790.5661561347,Mon,0,5,48,2023-02-01 17:21:00,121.8685906134181,6994.0,충청남도,상세주소759
R00760,2023-02-01 16:00:00,46350.789040092604,Fri,11,25,17,2023-02-01 18:36:00,59.42105370377575,2808.0,충청남도,상세주소760
R00761,2023-02-01 17:00:00,94204.89827086891,Fri,2,2,6,2023-02-01 17:50:00,72.2838431248397,4691.0,인천광역시,상세주소761
R00762,2023-02-01 18:00:00,75298.25280452525,Wed,10,25,3,2023-02-01 20:56:00,69.53725169764114,3898.0,서울특별시,상세주소762
R00763,2023-02-01 19:00:00,223439.94147923042,Sun,1,28,25,2023-02-01 20:58:00,64.50207318348157,12470.0,인천광역시,상세주소763
R00764,2023-02-01 20:00:00,11026.197985998035,Sat,15,30,4,2023-02-01 23:52:00,75.75792048317791,523.0,경기도,상세주소764
R00765,2023-02-01 21:00:00,171397.01577652365,Thu,8,24,15,2023-02-01 22:54:00,55.03809936254674,11210.0,서울특별시,상세주소765
R00766,2023-02-01 22:00:00,228975.14703646646,Mon,14,9,34,2023-02-02 01:16:00,46.74911799450915,17632.0,서울특별시,상세주소766
R00767,2023-02-01 23:00:00,263152.9253917631,Fri,11,4,25,2023-02-02 00:41:00,29.473544571389837,32142.0,강원도,상세주소767
R00768,2023-02-02 00:00:00,103282.44286605633,Sat,0,17,17,2023-02-02 00:38:00,53.14483013826343,6996.0,인천광역시,상세주소768
R00769,2023-02-02 01:00:00,246555.93409693186,Thu,12,17,28,2023-02-02 05:47:00,78.02868330270735,11375.0,서울특별시,상세주소769
R00770,2023-02-02 02:00:00,34078.88934960696,Fri,13,21,22,2023-02-02 06:27:00,41.204057776137375,2977.0,인천광역시,상세주소770
R00771,2023-02-02 03:00:00,254089.23522862094,Fri,7,18,13,2023-02-02 03:49:00,64.93355793065514,14087.0,경기도,상세주소771
R00772,2023-02-02 04:00:00,39119.11003726274,Mon,7,16,14,2023-02-02 08:22:00,57.53780272938138,2447.0,인천광역시,상세주소772
R00773,2023-02-02 05:00:00,119788.89987754982,Mon,11,30,48,2023-02-02 09:10:00,47.585637539148046,9062.0,서울특별시,상세주소773
R00774,2023-02-02 06:00:00,239391.31436808655,Fri,0,8,32,2023-02-02 06:46:00,22.939193404934663,37569.0,경기도,상세주소774
R00775,2023-02-02 07:00:00,45825.31077728336,Tue,10,26,24,2023-02-02 08:58:00,87.25709398241574,1890.0,서울특별시,상세주소775
R00776,2023-02-02 08:00:00,69546.1671745598,Fri,7,11,20,2023-02-02 11:45:00,70.34381060766756,3559.0,서울특별시,상세주소776
R00777,2023-02-02 09:00:00,216953.5179495268,Sat,9,21,16,2023-02-02 10:53:00,113.3057565541852,6893.0,서울특별시,상세주소777
R00778,2023-02-02 10:00:00,216290.92442727624,Fri,18,21,22,2023-02-02 11:56:00,81.58826027915083,9543.0,서울특별시,상세주소778
R00779,2023-02-02 11:00:00,192703.1422327039,Wed,10,18,42,2023-02-02 14:03:00,86.81087957297095,7991.0,서울특별시,상세주소779
R00780,2023-02-02 12:00:00,208490.5848956629,Sun,6,23,16,2023-02-02 16:17:00,25.012925379532035,30007.0,인천광역시,상세주소780
R00781,2023-02-02 13:00:00,163274.60856093126,Wed,10,29,13,2023-02-02 17:53:00,24.663292708768815,23832.0,충청남도,상세주소781
R00782,2023-02-02 14:00:00,76287.91861317887,Wed,16,24,28,2023-02-02 18:12:00,60.84624122105174,4513.0,경기도,상세주소782
R00783,2023-02-02 15:00:00,104363.10205767192,Tue,0,10,19,2023-02-02 17:30:00,37.03769153037375,10143.0,-,상세주소783
R00784,2023-02-02 16:00:00,55297.717323626275,Tue,20,13,29,2023-02-02 19:22:00,46.374263063119486,4292.0,서울특별시,상세주소784
R00785,2023-02-02 17:00:00,272626.7178387549,Fri,20,17,18,2023-02-02 17:33:00,110.52528360249937,8879.0,인천광역시,상세주소785
R00786,2023-02-02 18:00:00,175434.14663507,Wed,7,18,38,2023-02-02 20:37:00,83.79752343363722,7536.0,서울특별시,상세주소786
R00787,2023-02-02 19:00:00,120854.57361232833,Tue,22,10,12,2023-02-02 21:19:00,41.28688915336407,10537.0,경기도,상세주소787
R00788,2023-02-02 20:00:00,139139.73528959567,Mon,23,16,17,2023-02-02 21:06:00,12.677589728602491,39510.0,경기도,상세주소788
R00789,2023-02-02 21:00:00,284237.7185439328,Fri,5,20,22,2023-02-02 22:40:00,39.601253237918996,25838.0,인천광역시,상세주소789
R00790,2023-02-02 22:00:00,46852.06953170798,Sat,21,5,45,2023-02-02 23:00:00,48.856111141225554,3452.0,서울특별시,상세주소790
R00791,2023-02-02 23:00:00,176282.71977302237,Sun,17,13,32,2023-02-03 03:57:00,53.574726614798486,,인천광역시,상세주소791
R00792,2023-02-03 00:00:00,152260.71498645534,Thu,5,18,38,2023-02-03 00:40:00,34.41907497846758,15925.0,서울특별시,상세주소792
R00793,2023-02-03 01:00:00,183824.8163949597,Fri,4,17,39,2023-02-03 02:01:00,82.59701184661589,8012.0,경기도,상세주소793
R00794,2023-02-03 02:00:00,6414.944962431312,Thu,12,9,17,2023-02-03 03:26:00,45.77078412283493,504.0,경기도,상세주소794
R00795,2023-02-03 03:00:00,261765.0487743013,Wed,18,14,8,2023-02-03 06:15:00,72.9715534520542,12913.0,인천광역시,상세주소795
R00796,2023-02-03 04:00:00,279703.3664626001,Sun,21,17,32,2023-02-03 07:37:00,61.07774843782044,16486.0,경기도,상세주소796
R00797,2023-02-03 05:00:00,169974.82189317347,Thu,7,29,31,2023-02-03 05:48:00,78.76954110172085,7768.0,인천광역시,상세주소797
R00798,2023-02-03 06:00:00,209298.5963391908,Wed,8,4,16,2023-02-03 08:25:00,55.241593431139094,13639.0,경기도,상세주소798
R00799,2023-02-03 07:00:00,,Mon,16,18,18,2023-02-03 10:33:00,41.500271226840596,24013.0,인천광역시,상세주소799
R00800,2023-02-03 08:00:00,212464.35165970618,Thu,2,27,26,2023-02-03 12:59:00,48.028255917960685,15925.0,경기도,상세주소800
R00801,2023-02-03 09:00:00,46609.17383136414,Sun,18,20,5,2023-02-03 10:02:00,48.31029771284391,3473.0,경기도,상세주소801
R00802,2023-02-03 10:00:00,173310.21968987715,Fri,10,24,34,2023-02-03 10:39:00,101.29101103152468,6159.0,서울특별시,상세주소802
R00803,2023-02-03 11:00:00,182407.7988684739,Wed,23,24,36,2023-02-03 12:49:00,61.53010543678577,10672.0,서울특별시,상세주소803
R00804,2023-02-03 12:00:00,127815.07071941342,Fri,16,15,33,2023-02-03 15:41:00,60.09265629407754,7657.0,경기도,상세주소804
R00805,2023-02-03 13:00:00,,Sun,20,11,19,2023-02-03 16:39:00,77.64053081417099,10256.0,강원도,상세주소805
R00806,2023-02-03 14:00:00,280375.73741593544,Tue,18,12,24,2023-02-03 15:37:00,59.99860290491742,16822.0,경기도,상세주소806
R00807,2023-02-03 15:00:00,277744.9853591261,Wed,1,9,3,2023-02-03 17:34:00,82.4335263862874,12129.0,서울특별시,상세주소807
R00808,2023-02-03 16:00:00,135800.9720498355,Thu,7,13,9,2023-02-03 17:28:00,52.55844478597771,9301.0,경기도,상세주소808
R00809,2023-02-03 17:00:00,34858.175706385824,Wed,18,15,9,2023-02-03 19:06:00,50.52720499174622,2483.0,경기도,상세주소809
R00810,2023-02-03 18:00:00,295467.51848973805,Fri,6,27,23,2023-02-03 20:58:00,40.39453007970344,26332.0,서울특별시,상세주소810
R00811,2023-02-03 19:00:00,251830.5278473343,Mon,16,15,20,2023-02-03 23:54:00,97.00094660101402,9346.0,경기도,상세주소811
R00812,2023-02-03 20:00:00,38274.14167977679,Wed,5,28,10,2023-02-03 20:38:00,58.60350352468791,2351.0,인천광역시,상세주소812
R00813,2023-02-03 21:00:00,276331.7229025943,Thu,18,5,26,2023-02-03 21:37:00,36.51915080757009,27240.0,경기도,상세주소813
R00814,2023-02-03 22:00:00,261099.01225657636,Tue,23,23,15,2023-02-04 01:57:00,63.93654443958436,14701.0,인천광역시,상세주소814
R00815,2023-02-03 23:00:00,156132.57908069555,Sat,5,19,25,2023-02-04 01:34:00,46.99892245873119,11959.0,경기도,상세주소815
R00816,2023-02-04 00:00:00,177791.35528773384,Mon,1,26,29,2023-02-04 02:32:00,52.20797537092138,12259.0,경기도,상세주소816
R00817,2023-02-04 01:00:00,120301.80845716895,Tue,5,20,48,2023-02-04 02:02:00,66.21506863455437,6540.0,경기도,상세주소817
R00818,2023-02-04 02:00:00,17373.730007787366,Wed,22,26,15,2023-02-04 02:30:00,90.41970480508202,691.0,인천광역시,상세주소818
R00819,2023-02-04 03:00:00,101223.97525212438,Fri,4,25,6,2023-02-04 06:53:00,62.031707163460815,5874.0,서울특별시,상세주소819
R00820,2023-02-04 04:00:00,241053.18113080543,Sun,18,26,15,2023-02-04 04:35:00,45.779264590896986,18955.0,충청남도,상세주소820
R00821,2023-02-04 05:00:00,2384.9748783762548,Fri,19,26,34,2023-02-04 05:34:00,49.901703154115445,172.0,서울특별시,상세주소821
R00822,2023-02-04 06:00:00,100716.25233565211,Thu,3,14,15,2023-02-04 07:49:00,73.12894373820937,4958.0,인천광역시,상세주소822
R00823,2023-02-04 07:00:00,120052.43938369205,Fri,21,28,39,2023-02-04 10:26:00,20.833181684261184,20745.0,서울특별시,상세주소823
R00824,2023-02-04 08:00:00,161681.28527843894,Mon,16,17,11,2023-02-04 10:45:00,39.14635447407816,14868.0,경기도,상세주소824
R00825,2023-02-04 09:00:00,276036.8293074154,Fri,10,18,34,2023-02-04 09:54:00,64.25292152394681,15465.0,경기도,상세주소825
R00826,2023-02-04 10:00:00,104557.45231542242,Thu,3,21,48,2023-02-04 13:32:00,25.866608452505034,14551.0,서울특별시,상세주소826
R00827,2023-02-04 11:00:00,104739.00736697207,Sat,12,3,20,2023-02-04 14:17:00,53.749642417302724,7015.0,서울특별시,상세주소827
R00828,2023-02-04 12:00:00,221512.87318481476,Wed,19,2,49,2023-02-04 15:27:00,50.43469928684968,15811.0,경기도,상세주소828
R00829,2023-02-04 13:00:00,136213.16432605233,Sun,16,1,42,2023-02-04 15:04:00,77.54897044151335,6323.0,인천광역시,상세주소829
R00830,2023-02-04 14:00:00,68156.8420590546,Wed,8,10,35,2023-02-04 15:02:00,54.994353337616005,4461.0,서울특별시,상세주소830
R00831,2023-02-04 15:00:00,136279.41532367532,Fri,3,19,47,2023-02-04 17:20:00,83.73382765206094,5859.0,서울특별시,상세주소831
R00832,2023-02-04 16:00:00,43116.24909356016,Tue,22,17,16,2023-02-04 18:55:00,61.57746046476122,2520.0,경기도,상세주소832
R00833,2023-02-04 17:00:00,53739.70896536077,Wed,13,12,31,2023-02-04 21:20:00,95.52902261618533,2025.0,서울특별시,상세주소833
R00834,2023-02-04 18:00:00,150011.96404910446,Sat,18,1,40,2023-02-04 19:07:00,32.25022071216458,16745.0,경기도,상세주소834
R00835,2023-02-04 19:00:00,126258.70940185983,Fri,2,12,5,2023-02-04 21:44:00,92.34253682535956,4922.0,경기도,상세주소835
R00836,2023-02-04 20:00:00,274538.9244193619,Sun,13,17,23,2023-02-05 00:24:00,51.77745687541221,19088.0,인천광역시,상세주소836
R00837,2023-02-04 21:00:00,109355.7758358733,Thu,7,24,26,2023-02-05 00:09:00,89.47899402452819,4399.0,경기도,상세주소837
R00838,2023-02-04 22:00:00,174595.916733135,Sat,23,3,19,2023-02-04 23:07:00,83.70469399770329,7509.0,경기도,상세주소838
R00839,2023-02-04 23:00:00,190047.02208793958,Fri,0,11,24,2023-02-05 01:59:00,10.0,68416.0,경기도,상세주소839
R00840,2023-02-05 00:00:00,4915.242519911757,Sat,9,17,1,2023-02-05 00:58:00,69.5833642063968,254.0,서울특별시,상세주소840
R00841,2023-02-05 01:00:00,199397.67423299648,Wed,17,23,8,2023-02-05 03:53:00,79.95239525615796,8978.0,경기도,상세주소841
R00842,2023-02-05 02:00:00,54232.75409405568,Sun,15,26,27,2023-02-05 03:45:00,86.57185473342233,2255.0,경기도,상세주소842
R00843,2023-02-05 03:00:00,288360.0249233671,Thu,7,3,37,2023-02-05 05:54:00,36.46725628441155,28466.0,서울특별시,상세주소843
R00844,2023-02-05 04:00:00,45450.155598180776,Fri,0,8,2,2023-02-05 08:18:00,71.8068579402846,2278.0,서울특별시,상세주소844
R00845,2023-02-05 05:00:00,124972.61299438009,Mon,11,20,19,2023-02-05 06:33:00,63.90147357331456,7040.0,-,상세주소845
R00846,2023-02-05 06:00:00,26519.550755514512,Thu,7,4,5,2023-02-05 10:58:00,68.6281793393265,1391.0,경기도,상세주소846
R00847,2023-02-05 07:00:00,299065.4013019383,Mon,23,21,38,2023-02-05 10:33:00,79.97872973186037,13461.0,경기도,상세주소847
R00848,2023-02-05 08:00:00,151156.30808904153,Sat,15,22,32,2023-02-05 12:50:00,83.13419705452868,6545.0,서울특별시,상세주소848
R00849,2023-02-05 09:00:00,179020.1201786931,Tue,17,7,0,2023-02-05 13:57:00,46.885140904710575,13745.0,경기도,상세주소849
R00850,2023-02-05 10:00:00,21055.866739139816,Thu,3,14,36,2023-02-05 13:18:00,65.30838663693314,1160.0,충청남도,상세주소850
R00851,2023-02-05 11:00:00,225238.18064935415,Sat,5,14,5,2023-02-05 15:48:00,60.82270634424256,13331.0,서울특별시,상세주소851
R00852,2023-02-05 12:00:00,63761.77233558014,Mon,11,4,44,2023-02-05 16:16:00,55.2129475546069,4157.0,경기도,상세주소852
R00853,2023-02-05 13:00:00,269518.2325427734,Wed,8,16,33,2023-02-05 14:02:00,57.124495776619185,16985.0,인천광역시,상세주소853
R00854,2023-02-05 14:00:00,62336.752504120144,Wed,14,24,46,2023-02-05 18:03:00,63.91974484113273,3510.0,경기도,상세주소854
R00855,2023-02-05 15:00:00,58015.6284784363,Tue,15,29,14,2023-02-05 16:19:00,47.96036795065467,4354.0,-,상세주소855
R00856,2023-02-05 16:00:00,11928.350686580368,Thu,23,22,44,2023-02-05 19:59:00,77.66073557061762,552.0,충청남도,상세주소856
R00857,2023-02-05 17:00:00,142148.01658788978,Thu,11,30,25,2023-02-05 17:58:00,85.38616576583699,5993.0,서울특별시,상세주소857
R00858,2023-02-05 18:00:00,169887.49884552232,Thu,23,1,13,2023-02-05 19:08:00,43.58846888828209,14031.0,경기도,상세주소858
R00859,2023-02-05 19:00:00,,Sat,22,17,6,2023-02-05 21:09:00,86.36659775878243,860.0,경기도,상세주소859
R00860,2023-02-05 20:00:00,232882.75739180818,Sun,13,25,45,2023-02-05 23:22:00,43.626131515477184,19217.0,경기도,상세주소860
R00861,2023-02-05 21:00:00,136533.36158966026,Sun,12,10,30,2023-02-05 21:46:00,77.9557382337957,6305.0,경기도,상세주소861
R00862,2023-02-05 22:00:00,157792.69052894643,Tue,1,22,23,2023-02-05 23:25:00,86.32957621181136,6580.0,서울특별시,상세주소862
R00863,2023-02-05 23:00:00,132788.0613345302,Thu,2,16,30,2023-02-06 03:15:00,58.10978607840322,8226.0,강원도,상세주소863
R00864,2023-02-06 00:00:00,120828.15520172247,Sat,23,16,28,2023-02-06 01:15:00,43.790045160324425,9933.0,서울특별시,상세주소864
R00865,2023-02-06 01:00:00,168332.45906115716,Wed,21,26,41,2023-02-06 02:36:00,48.22634004576741,12565.0,서울특별시,상세주소865
R00866,2023-02-06 02:00:00,47416.83353328304,Mon,9,8,31,2023-02-06 05:46:00,67.23713731297713,2538.0,서울특별시,상세주소866
R00867,2023-02-06 03:00:00,55396.511018086065,Sat,8,29,16,2023-02-06 05:51:00,99.29308824819928,2008.0,충청남도,상세주소867
R00868,2023-02-06 04:00:00,258673.90068304166,Sun,19,7,13,2023-02-06 04:52:00,26.1453431792658,35617.0,경기도,상세주소868
R00869,2023-02-06 05:00:00,283888.5231779562,Sun,7,28,39,2023-02-06 07:03:00,62.00483929623955,16482.0,서울특별시,상세주소869
R00870,2023-02-06 06:00:00,112619.48556764613,Wed,9,6,35,2023-02-06 10:31:00,58.23855701805976,6961.0,인천광역시,상세주소870
R00871,2023-02-06 07:00:00,81952.65726992258,Wed,18,16,47,2023-02-06 11:26:00,50.86956476463781,5799.0,충청남도,상세주소871
R00872,2023-02-06 08:00:00,193555.8634284657,Mon,2,20,23,2023-02-06 09:23:00,58.384361165427705,11934.0,강원도,상세주소872
R00873,2023-02-06 09:00:00,123211.51715833083,Wed,23,16,44,2023-02-06 11:47:00,49.15606356301845,9023.0,인천광역시,상세주소873
R00874,2023-02-06 10:00:00,8590.520342443113,Tue,4,7,26,2023-02-06 11:10:00,84.86310823724816,364.0,경기도,상세주소874
R00875,2023-02-06 11:00:00,47689.626612490916,Mon,2,9,24,2023-02-06 13:07:00,86.8498761333345,1976.0,서울특별시,상세주소875
R00876,2023-02-06 12:00:00,215075.69642537186,Wed,15,14,31,2023-02-06 15:32:00,61.76270542294045,12536.0,경기도,상세주소876
R00877,2023-02-06 13:00:00,198018.25863113525,Fri,16,11,17,2023-02-06 15:37:00,57.17709973027419,12467.0,서울특별시,상세주소877
R00878,2023-02-06 14:00:00,9101.701758541563,Sat,14,26,45,2023-02-06 18:18:00,50.139266547458696,653.0,서울특별시,상세주소878
R00879,2023-02-06 15:00:00,67369.67641795188,Wed,2,26,17,2023-02-06 16:55:00,61.80562675505353,3924.0,서울특별시,상세주소879
R00880,2023-02-06 16:00:00,70091.36417983334,Tue,11,14,36,2023-02-06 20:45:00,96.95662057735251,2602.0,강원도,상세주소880
R00881,2023-02-06 17:00:00,201895.9303360198,Thu,8,7,25,2023-02-06 20:58:00,57.925315275972835,12547.0,서울특별시,상세주소881
R00882,2023-02-06 18:00:00,6893.450788554882,Wed,20,1,8,2023-02-06 22:04:00,43.211352039474804,574.0,경기도,상세주소882
R00883,2023-02-06 19:00:00,32128.46601338758,Sun,11,26,34,2023-02-06 21:09:00,52.04476217306298,2222.0,경기도,상세주소883
R00884,2023-02-06 20:00:00,240174.90952658362,Sun,14,25,7,2023-02-06 21:18:00,75.0693992353776,11517.0,충청남도,상세주소884
R00885,2023-02-06 21:00:00,54384.85395424575,Sun,1,13,19,2023-02-07 00:50:00,45.6452659190479,4289.0,경기도,상세주소885
R00886,2023-02-06 22:00:00,196171.08624771054,Thu,22,20,41,2023-02-07 02:47:00,59.32587810674952,11904.0,경기도,상세주소886
R00887,2023-02-06 23:00:00,72216.65153297123,Sun,17,3,21,2023-02-07 02:27:00,69.45766270325478,3742.0,경기도,상세주소887
R00888,2023-02-07 00:00:00,30732.976435044202,Fri,19,20,18,2023-02-07 04:34:00,47.16274287893947,2345.0,서울특별시,상세주소888
R00889,2023-02-07 01:00:00,73708.48510883677,Wed,11,4,29,2023-02-07 03:32:00,24.71188558469897,10737.0,경기도,상세주소889
R00890,2023-02-07 02:00:00,216957.81262484207,Sun,22,29,27,2023-02-07 05:20:00,38.57229072293796,20248.0,강원도,상세주소890
R00891,2023-02-07 03:00:00,256853.24396377945,Mon,3,26,34,2023-02-07 05:45:00,42.82466982254053,21592.0,-,상세주소891
R00892,2023-02-07 04:00:00,249235.73950553048,Thu,22,11,42,2023-02-07 05:28:00,55.42345388286717,16188.0,-,상세주소892
R00893,2023-02-07 05:00:00,119757.87535591799,Fri,15,2,10,2023-02-07 08:42:00,60.885993227905544,7080.0,경기도,상세주소893
R00894,2023-02-07 06:00:00,200757.4558346232,Mon,22,14,30,2023-02-07 10:57:00,76.47402594754223,9450.0,강원도,상세주소894
R00895,2023-02-07 07:00:00,62290.30432933047,Mon,15,12,48,2023-02-07 11:49:00,35.45487982670586,6324.0,-,상세주소895
R00896,2023-02-07 08:00:00,88651.17134804296,Mon,0,30,47,2023-02-07 10:04:00,73.5657374141435,4338.0,강원도,상세주소896
R00897,2023-02-07 09:00:00,269004.4097378148,Mon,21,17,38,2023-02-07 11:34:00,52.58152977700397,18417.0,서울특별시,상세주소897
R00898,2023-02-07 10:00:00,4887.575129710074,Wed,1,12,35,2023-02-07 11:10:00,24.289054022363047,724.0,인천광역시,상세주소898
R00899,2023-02-07 11:00:00,26567.050725485955,Sun,2,26,29,2023-02-07 15:43:00,60.2714731876841,1586.0,경기도,상세주소899
R00900,2023-02-07 12:00:00,63157.99028866217,Sat,20,12,22,2023-02-07 12:36:00,86.32535102999937,2633.0,충청남도,상세주소900
R00901,2023-02-07 13:00:00,8933.128958272095,Wed,19,1,18,2023-02-07 17:05:00,77.66229103316965,414.0,경기도,상세주소901
R00902,2023-02-07 14:00:00,55249.1950918494,Wed,16,13,11,2023-02-07 15:38:00,58.47459177955865,3401.0,경기도,상세주소902
R00903,2023-02-07 15:00:00,175329.42672993796,Fri,19,14,14,2023-02-07 16:38:00,82.51541232257502,7649.0,-,상세주소903
R00904,2023-02-07 16:00:00,127005.94062715689,Fri,21,24,30,2023-02-07 17:50:00,63.8444536109461,7161.0,서울특별시,상세주소904
R00905,2023-02-07 17:00:00,267908.8416120155,Sun,20,30,42,2023-02-07 17:59:00,79.62377655644876,12112.0,경기도,상세주소905
R00906,2023-02-07 18:00:00,245415.62495979384,Sat,0,2,36,2023-02-07 19:42:00,26.767953300623965,33005.0,-,상세주소906
R00907,2023-02-07 19:00:00,103203.38815766491,Fri,19,12,36,2023-02-07 23:51:00,35.0065436947947,10613.0,-,상세주소907
R00908,2023-02-07 20:00:00,78567.60659595646,Sun,5,26,14,2023-02-07 21:58:00,74.58071971145439,3792.0,경기도,상세주소908
R00909,2023-02-07 21:00:00,114528.0300420128,Sun,14,21,28,2023-02-08 00:57:00,90.78564988689646,4541.0,충청남도,상세주소909
R00910,2023-02-07 22:00:00,177498.18781192752,Tue,13,28,49,2023-02-08 02:02:00,68.34591461825012,9349.0,경기도,상세주소910
R00911,2023-02-07 23:00:00,81151.02860604,Sat,19,16,42,2023-02-08 03:55:00,50.053262532483956,5836.0,경기도,상세주소911
R00912,2023-02-08 00:00:00,187620.52344689108,Fri,14,4,25,2023-02-08 03:56:00,42.989682828534214,15711.0,경기도,상세주소912
R00913,2023-02-08 01:00:00,123414.08400518089,Sat,13,8,43,2023-02-08 02:46:00,53.69369672810384,8274.0,경기도,상세주소913
R00914,2023-02-08 02:00:00,166062.1070747421,Wed,20,2,1,2023-02-08 03:16:00,84.2727398343353,7093.0,경기도,상세주소914
R00915,2023-02-08 03:00:00,131401.8322114597,Wed,23,10,19,2023-02-08 05:19:00,53.14945923425211,8900.0,경기도,상세주소915
R00916,2023-02-08 04:00:00,89045.26210303338,Sat,4,9,14,2023-02-08 07:49:00,80.95522482774838,3959.0,강원도,상세주소916
R00917,2023-02-08 05:00:00,284587.5387816848,Tue,5,23,3,2023-02-08 08:59:00,73.0514625090909,14024.0,서울특별시,상세주소917
R00918,2023-02-08 06:00:00,229318.13245376848,Tue,16,15,21,2023-02-08 09:03:00,94.27851600853987,8756.0,충청남도,상세주소918
R00919,2023-02-08 07:00:00,42893.83955416931,Sat,10,13,49,2023-02-08 07:39:00,64.00523743073015,2412.0,인천광역시,상세주소919
R00920,2023-02-08 08:00:00,260671.92479347592,Fri,15,23,37,2023-02-08 11:06:00,59.00807277635917,15903.0,경기도,상세주소920
R00921,2023-02-08 09:00:00,146741.92827660457,Thu,11,17,22,2023-02-08 13:50:00,81.95344211360535,6445.0,강원도,상세주소921
R00922,2023-02-08 10:00:00,268471.11584133335,Tue,14,30,25,2023-02-08 11:46:00,41.29474409403963,23404.0,충청남도,상세주소922
R00923,2023-02-08 11:00:00,240156.72152824726,Mon,22,16,10,2023-02-08 15:46:00,51.11966045778125,16912.0,경기도,상세주소923
R00924,2023-02-08 12:00:00,128138.83783630081,Wed,3,28,27,2023-02-08 14:40:00,26.399905089403035,17473.0,경기도,상세주소924
R00925,2023-02-08 13:00:00,7718.323187715102,Sat,17,2,1,2023-02-08 14:36:00,34.91350881904009,795.0,인천광역시,상세주소925
R00926,2023-02-08 14:00:00,81334.53045609887,Mon,20,20,7,2023-02-08 18:17:00,98.46743759459619,2973.0,인천광역시,상세주소926
R00927,2023-02-08 15:00:00,162948.63018359922,Sat,2,20,28,2023-02-08 18:12:00,73.84629147281399,7943.0,충청남도,상세주소927
R00928,2023-02-08 16:00:00,190409.98772801802,Sun,21,27,10,2023-02-08 16:44:00,32.58596834054131,21035.0,경기도,상세주소928
R00929,2023-02-08 17:00:00,78108.41794452748,Wed,7,14,36,2023-02-08 21:21:00,83.8965798925411,3351.0,경기도,상세주소929
R00930,2023-02-08 18:00:00,42667.466147774416,Wed,22,3,17,2023-02-08 21:44:00,45.926049076093136,3344.0,서울특별시,상세주소930
R00931,2023-02-08 19:00:00,250644.14080299044,Tue,2,23,49,2023-02-08 19:59:00,72.81901216666795,12391.0,서울특별시,상세주소931
R00932,2023-02-08 20:00:00,295336.2520303621,Tue,7,12,13,2023-02-09 00:09:00,72.52027208791343,14660.0,경기도,상세주소932
R00933,2023-02-08 21:00:00,158181.36450850306,Mon,17,8,9,2023-02-08 23:56:00,93.29981400165397,6103.0,경기도,상세주소933
R00934,2023-02-08 22:00:00,52332.10646864275,Sun,9,2,34,2023-02-09 02:48:00,49.2454049899909,3825.0,서울특별시,상세주소934
R00935,2023-02-08 23:00:00,82419.89062929132,Sat,19,4,8,2023-02-09 01:52:00,45.19541225639931,6565.0,인천광역시,상세주소935
R00936,2023-02-09 00:00:00,6498.812287692554,Sun,16,14,34,2023-02-09 04:24:00,10.0,2339.0,경기도,상세주소936
R00937,2023-02-09 01:00:00,274375.3431615892,Wed,7,16,10,2023-02-09 03:24:00,57.564537466136564,17159.0,서울특별시,상세주소937
R00938,2023-02-09 02:00:00,36207.5737841522,Mon,22,19,43,2023-02-09 03:59:00,74.50659663968466,1749.0,충청남도,상세주소938
R00939,2023-02-09 03:00:00,173378.42617876182,Thu,10,2,11,2023-02-09 06:57:00,77.23947670538946,8080.0,-,상세주소939
R00940,2023-02-09 04:00:00,82942.5109854746,Mon,4,12,2,2023-02-09 07:13:00,85.04798759257517,3510.0,경기도,상세주소940
R00941,2023-02-09 05:00:00,166699.22275222224,Fri,12,29,38,2023-02-09 06:53:00,65.79611483996787,9120.0,경기도,상세주소941
R00942,2023-02-09 06:00:00,195774.6961172074,Mon,20,14,13,2023-02-09 07:46:00,70.09562236478334,10054.0,강원도,상세주소942
R00943,2023-02-09 07:00:00,249092.79930845328,Sun,22,6,27,2023-02-09 10:10:00,61.362408814272285,14613.0,경기도,상세주소943
R00944,2023-02-09 08:00:00,62719.96025642036,Fri,4,13,10,2023-02-09 08:34:00,74.14909671105802,3045.0,인천광역시,상세주소944
R00945,2023-02-09 09:00:00,4287.752768885663,Fri,23,4,38,2023-02-09 10:47:00,41.315152858000204,373.0,서울특별시,상세주소945
R00946,2023-02-09 10:00:00,41928.803390573376,Fri,12,22,24,2023-02-09 12:00:00,31.83070338169497,4742.0,경기도,상세주소946
R00947,2023-02-09 11:00:00,270105.5739125834,Thu,5,18,20,2023-02-09 12:56:00,43.425239811174336,22392.0,서울특별시,상세주소947
R00948,2023-02-09 12:00:00,262293.13319119206,Mon,4,12,9,2023-02-09 16:59:00,64.27247435173314,14691.0,서울특별시,상세주소948
R00949,2023-02-09 13:00:00,179626.5175489222,Sun,8,20,42,2023-02-09 15:13:00,33.991506683895054,19024.0,서울특별시,상세주소949
R00950,2023-02-09 14:00:00,180554.54126966235,Mon,15,27,14,2023-02-09 17:24:00,47.335116807916236,13731.0,경기도,상세주소950
R00951,2023-02-09 15:00:00,199845.9656893304,Thu,1,22,18,2023-02-09 16:23:00,47.97411433929668,14996.0,-,상세주소951
R00952,2023-02-09 16:00:00,53436.012308411424,Wed,0,30,47,2023-02-09 20:00:00,75.63642421930912,2543.0,서울특별시,상세주소952
R00953,2023-02-09 17:00:00,274409.171831563,Tue,7,21,21,2023-02-09 19:04:00,73.20190921060758,13495.0,서울특별시,상세주소953
R00954,2023-02-09 18:00:00,126212.38694272986,Sun,18,19,20,2023-02-09 22:12:00,61.40972184517834,7398.0,충청남도,상세주소954
R00955,2023-02-09 19:00:00,115558.41994659974,Sun,10,8,43,2023-02-09 19:38:00,69.02129763275114,6027.0,서울특별시,상세주소955
R00956,2023-02-09 20:00:00,156156.39387956844,Mon,11,7,31,2023-02-09 21:22:00,69.41580887933941,8098.0,인천광역시,상세주소956
R00957,2023-02-09 21:00:00,15042.824065741459,Tue,11,16,49,2023-02-09 22:46:00,52.72760885734057,1027.0,-,상세주소957
R00958,2023-02-09 22:00:00,50718.727258067745,Sat,6,19,22,2023-02-10 01:55:00,49.15001387224543,3714.0,경기도,상세주소958
R00959,2023-02-09 23:00:00,221672.05131148477,Sat,12,6,12,2023-02-10 01:21:00,90.73372831244743,8795.0,서울특별시,상세주소959
R00960,2023-02-10 00:00:00,25756.801709612813,Thu,7,20,4,2023-02-10 03:14:00,10.217443903953523,9075.0,강원도,상세주소960
R00961,2023-02-10 01:00:00,181342.48073045007,Sat,21,27,3,2023-02-10 01:56:00,45.17393262125495,14451.0,경기도,상세주소961
R00962,2023-02-10 02:00:00,74359.38379471496,Sun,8,21,27,2023-02-10 03:39:00,55.924349571801876,4786.0,경기도,상세주소962
R00963,2023-02-10 03:00:00,117399.38859855098,Sat,6,11,13,2023-02-10 07:07:00,71.19902854638694,5936.0,강원도,상세주소963
R00964,2023-02-10 04:00:00,87319.42729443926,Wed,20,5,7,2023-02-10 07:38:00,82.71013052206384,3800.0,충청남도,상세주소964
R00965,2023-02-10 05:00:00,107346.1422230198,Wed,23,16,8,2023-02-10 07:33:00,97.13463208376294,3978.0,-,상세주소965
R00966,2023-02-10 06:00:00,215994.72565008941,Wed,14,7,34,2023-02-10 06:48:00,58.16578634259739,13368.0,경기도,상세주소966
R00967,2023-02-10 07:00:00,89839.39297132933,Sat,1,27,36,2023-02-10 11:46:00,59.505287506203324,5435.0,경기도,상세주소967
R00968,2023-02-10 08:00:00,170354.98744877227,Thu,22,5,20,2023-02-10 08:51:00,67.2522012123036,9119.0,경기도,상세주소968
R00969,2023-02-10 09:00:00,143339.0702575308,Fri,19,11,17,2023-02-10 10:09:00,49.377581233421566,10450.0,서울특별시,상세주소969
R00970,2023-02-10 10:00:00,199437.6784434318,Fri,11,15,32,2023-02-10 11:07:00,36.3152545588825,19770.0,서울특별시,상세주소970
R00971,2023-02-10 11:00:00,281112.09205810266,Tue,0,3,7,2023-02-10 12:17:00,58.07499067471963,17425.0,경기도,상세주소971
R00972,2023-02-10 12:00:00,220039.05706586485,Fri,22,26,48,2023-02-10 15:32:00,74.90744584003596,10574.0,경기도,상세주소972
R00973,2023-02-10 13:00:00,65267.17319863627,Fri,21,5,16,2023-02-10 14:44:00,55.141531076470386,4261.0,서울특별시,상세주소973
R00974,2023-02-10 14:00:00,10323.757383324117,Wed,7,23,42,2023-02-10 17:58:00,68.26870777436186,544.0,서울특별시,상세주소974
R00975,2023-02-10 15:00:00,79416.9492456477,Wed,4,21,30,2023-02-10 18:32:00,22.623653742569275,12637.0,경기도,상세주소975
R00976,2023-02-10 16:00:00,178928.3012793762,Sat,14,5,33,2023-02-10 18:16:00,60.36809246838917,10670.0,강원도,상세주소976
R00977,2023-02-10 17:00:00,16376.318231790854,Tue,0,9,5,2023-02-10 20:37:00,51.9310681857135,1135.0,경기도,상세주소977
R00978,2023-02-10 18:00:00,149413.50791316965,Mon,0,15,21,2023-02-10 22:53:00,34.497524890176294,15592.0,인천광역시,상세주소978
R00979,2023-02-10 19:00:00,179456.0118261499,Sun,9,3,13,2023-02-10 20:55:00,73.14425007169694,8832.0,충청남도,상세주소979
R00980,2023-02-10 20:00:00,100938.92335427129,Tue,21,29,2,2023-02-10 22:46:00,96.9129113854863,3749.0,서울특별시,상세주소980
R00981,2023-02-10 21:00:00,231502.74892000074,Tue,9,6,11,2023-02-10 23:04:00,79.7991785136177,10443.0,경기도,상세주소981
R00982,2023-02-10 22:00:00,32872.877686997774,Thu,20,17,35,2023-02-11 02:34:00,81.0749801095688,1459.0,경기도,상세주소982
R00983,2023-02-10 23:00:00,23466.19673900682,Sat,14,26,11,2023-02-11 00:59:00,74.24954069233608,1137.0,충청남도,상세주소983
R00984,2023-02-11 00:00:00,218728.4381048774,Thu,16,21,44,2023-02-11 01:28:00,72.9290289929244,10797.0,경기도,상세주소984
R00985,2023-02-11 01:00:00,149151.90354565333,Tue,21,8,1,2023-02-11 01:57:00,24.01136128848968,22362.0,인천광역시,상세주소985
R00986,2023-02-11 02:00:00,206832.31653189307,Tue,5,21,1,2023-02-11 03:41:00,57.44098099856022,12962.0,-,상세주소986
R00987,2023-02-11 03:00:00,131013.37424252012,Tue,2,25,14,2023-02-11 07:59:00,70.17339533291735,6721.0,-,상세주소987
R00988,2023-02-11 04:00:00,74674.20793849294,Fri,12,11,22,2023-02-11 04:53:00,70.62809562401735,3806.0,서울특별시,상세주소988
R00989,2023-02-11 05:00:00,245911.5929845857,Sun,15,6,28,2023-02-11 07:21:00,85.43412378539409,10362.0,충청남도,상세주소989
R00990,2023-02-11 06:00:00,240025.3478117248,Sun,7,8,16,2023-02-11 07:25:00,39.352047007336424,21957.0,-,상세주소990
R00991,2023-02-11 07:00:00,208714.2447854736,Thu,14,10,31,2023-02-11 11:12:00,72.14543230815397,10414.0,경기도,상세주소991
R00992,2023-02-11 08:00:00,82371.39603175885,Tue,16,24,6,2023-02-11 10:29:00,38.69917992014773,7662.0,경기도,상세주소992
R00993,2023-02-11 09:00:00,177478.96939385703,Sun,16,29,29,2023-02-11 12:28:00,55.766008203218796,11457.0,경기도,상세주소993
R00994,2023-02-11 10:00:00,108931.195185068,Wed,21,3,27,2023-02-11 13:38:00,58.76073985529449,6673.0,경기도,상세주소994
R00995,2023-02-11 11:00:00,28383.03992466361,Sun,12,23,13,2023-02-11 12:35:00,77.25141828097904,1322.0,충청남도,상세주소995
R00996,2023-02-11 12:00:00,275276.7590632106,Sat,16,14,43,2023-02-11 16:38:00,74.89906776800689,13231.0,서울특별시,상세주소996
R00997,2023-02-11 13:00:00,41908.77064476946,Sat,5,23,29,2023-02-11 14:45:00,62.40661175423278,2417.0,충청남도,상세주소997
R00998,2023-02-11 14:00:00,285120.96879241994,Sun,16,14,16,2023-02-11 16:46:00,16.959249575585815,60523.0,인천광역시,상세주소998
R00999,2023-02-11 15:00:00,134355.72611442878,Wed,15,10,31,2023-02-11 18:13:00,68.89667465984108,7020.0,서울특별시,상세주소999
R01000,2023-02-11 16:00:00,56354.74572274728,Sat,13,12,45,2023-02-11 20:22:00,54.646470459224254,3712.0,서울특별시,상세주소1000
R01001,2023-02-11 17:00:00,163028.3832661291,Fri,12,6,5,2023-02-11 21:44:00,87.836117832382,6681.0,경기도,상세주소1001
R01002,2023-02-11 18:00:00,262010.8049270461,Sun,5,12,23,2023-02-11 21:19:00,83.06987088680738,11354.0,충청남도,상세주소1002
R01003,2023-02-11 19:00:00,219935.24103645878,Fri,2,23,5,2023-02-11 22:23:00,41.23954186188684,19199.0,서울특별시,상세주소1003
R01004,2023-02-11 20:00:00,242161.78321057346,Sun,13,14,26,2023-02-11 20:47:00,71.6434847798117,12168.0,서울특별시,상세주소1004
R01005,2023-02-11 21:00:00,197976.22664650448,Mon,13,2,17,2023-02-11 22:39:00,72.03821212320808,9893.0,경기도,상세주소1005
R01006,2023-02-11 22:00:00,207990.6927908379,Mon,14,9,23,2023-02-12 00:25:00,70.58367159233852,10608.0,강원도,상세주소1006
R01007,2023-02-11 23:00:00,254909.49981803045,Mon,7,10,36,2023-02-12 00:49:00,67.99162149491198,13496.0,강원도,상세주소1007
R01008,2023-02-12 00:00:00,75650.7346488966,Sat,14,26,23,2023-02-12 00:44:00,72.603091729365,3751.0,서울특별시,상세주소1008
R01009,2023-02-12 01:00:00,147338.064129299,Fri,21,17,37,2023-02-12 04:25:00,90.02971631147992,5891.0,서울특별시,상세주소1009
R01010,2023-02-12 02:00:00,67141.62310406107,Fri,12,17,33,2023-02-12 06:58:00,48.97239333546927,4935.0,인천광역시,상세주소1010
R01011,2023-02-12 03:00:00,296312.73439099744,Fri,16,3,39,2023-02-12 05:28:00,41.883807534857596,25468.0,경기도,상세주소1011
R01012,2023-02-12 04:00:00,283273.74256629735,Wed,20,30,46,2023-02-12 07:37:00,75.65430271011007,13479.0,경기도,상세주소1012
R01013,2023-02-12 05:00:00,12788.616599183264,Fri,23,19,14,2023-02-12 06:26:00,22.332758107376833,2061.0,서울특별시,상세주소1013
R01014,2023-02-12 06:00:00,211966.97658219084,Wed,2,1,10,2023-02-12 09:48:00,73.0804772112574,10441.0,경기도,상세주소1014
R01015,2023-02-12 07:00:00,277649.2469072841,Mon,5,12,21,2023-02-12 07:46:00,69.53877937084094,14373.0,서울특별시,상세주소1015
R01016,2023-02-12 08:00:00,54992.02819307273,Mon,4,7,23,2023-02-12 09:24:00,13.089949527755522,15123.0,서울특별시,상세주소1016
R01017,2023-02-12 09:00:00,170815.62393523622,Sat,21,4,0,2023-02-12 13:58:00,47.273266807792695,13008.0,경기도,상세주소1017
R01018,2023-02-12 10:00:00,274731.0009788245,Sun,16,10,17,2023-02-12 11:56:00,91.51949051215968,10806.0,경기도,상세주소1018
R01019,2023-02-12 11:00:00,11149.847597153854,Mon,22,13,43,2023-02-12 11:58:00,30.8564693856812,1300.0,경기도,상세주소1019
R01020,2023-02-12 12:00:00,209528.65990680514,Sun,1,2,11,2023-02-12 12:51:00,64.25183229898857,11739.0,경기도,상세주소1020
R01021,2023-02-12 13:00:00,89907.35320439268,Sun,14,10,42,2023-02-12 14:17:00,39.90189400012431,8111.0,서울특별시,상세주소1021
R01022,2023-02-12 14:00:00,277394.4624175826,Sat,4,21,27,2023-02-12 14:34:00,45.82107391876469,21793.0,서울특별시,상세주소1022
R01023,2023-02-12 15:00:00,291346.41530444496,Tue,19,22,39,2023-02-12 19:39:00,98.32637640854676,10666.0,-,상세주소1023
R01024,2023-02-12 16:00:00,283335.68024491676,Tue,5,25,6,2023-02-12 19:12:00,62.46888691572279,16328.0,경기도,상세주소1024
R01025,2023-02-12 17:00:00,142790.05078058166,Thu,5,4,22,2023-02-12 20:51:00,70.33901377125846,7308.0,충청남도,상세주소1025
R01026,2023-02-12 18:00:00,258750.75264580472,Sat,17,18,20,2023-02-12 20:10:00,57.75070847146972,16129.0,경기도,상세주소1026
R01027,2023-02-12 19:00:00,253520.27016198603,Thu,17,5,33,2023-02-12 20:40:00,29.69733371804754,30732.0,서울특별시,상세주소1027
R01028,2023-02-12 20:00:00,96411.04149973343,Thu,3,19,10,2023-02-12 23:12:00,36.30153586204678,9561.0,서울특별시,상세주소1028
R01029,2023-02-12 21:00:00,248845.72677105252,Tue,16,2,21,2023-02-13 00:22:00,83.56860651284464,10719.0,서울특별시,상세주소1029
R01030,2023-02-12 22:00:00,12065.282779932293,Sat,13,12,41,2023-02-13 00:50:00,63.05784296691469,688.0,인천광역시,상세주소1030
R01031,2023-02-12 23:00:00,179284.69366613386,Tue,13,17,34,2023-02-13 01:47:00,44.59423288087031,14473.0,경기도,상세주소1031
R01032,2023-02-13 00:00:00,69772.64234902321,Thu,12,10,28,2023-02-13 01:35:00,59.5589639748628,4217.0,경기도,상세주소1032
R01033,2023-02-13 01:00:00,37049.498847406365,Sat,6,2,41,2023-02-13 04:47:00,73.23195926567897,1821.0,충청남도,상세주소1033
R01034,2023-02-13 02:00:00,24009.007287133536,Thu,11,6,27,2023-02-13 06:17:00,69.08977695166627,1251.0,경기도,상세주소1034
R01035,2023-02-13 03:00:00,209190.3439875638,Fri,22,8,17,2023-02-13 06:21:00,44.60421599568309,16883.0,경기도,상세주소1035
R01036,2023-02-13 04:00:00,102622.61416665178,Sun,14,29,13,2023-02-13 05:09:00,28.49393442125693,12965.0,경기도,상세주소1036
R01037,2023-02-13 05:00:00,217705.26468709967,Sat,18,19,17,2023-02-13 05:36:00,51.85906913556908,15112.0,경기도,상세주소1037
R01038,2023-02-13 06:00:00,20541.545898883767,Sat,10,11,27,2023-02-13 09:23:00,82.18097271873414,899.0,서울특별시,상세주소1038
R01039,2023-02-13 07:00:00,95271.81101135249,Sun,14,25,23,2023-02-13 10:00:00,77.08753930214421,4449.0,서울특별시,상세주소1039
R01040,2023-02-13 08:00:00,162307.89642022582,Thu,11,12,7,2023-02-13 12:00:00,68.20806529850324,8566.0,경기도,상세주소1040
R01041,2023-02-13 09:00:00,237426.2262868501,Fri,2,9,41,2023-02-13 10:55:00,56.582391770677766,15106.0,경기도,상세주소1041
R01042,2023-02-13 10:00:00,96306.9983766889,Wed,16,2,44,2023-02-13 14:42:00,49.66506475878765,6980.0,인천광역시,상세주소1042
R01043,2023-02-13 11:00:00,188141.52155466573,Sun,2,8,7,2023-02-13 11:50:00,56.953431910912805,11892.0,인천광역시,상세주소1043
R01044,2023-02-13 12:00:00,265907.34672261996,Tue,18,26,3,2023-02-13 16:46:00,75.63543328604243,12656.0,-,상세주소1044
R01045,2023-02-13 13:00:00,185143.09326650907,Thu,19,11,26,2023-02-13 14:02:00,80.20381224471522,8310.0,강원도,상세주소1045
R01046,2023-02-13 14:00:00,70654.88295133649,Sun,3,28,35,2023-02-13 18:49:00,54.764264701554644,4644.0,강원도,상세주소1046
R01047,2023-02-13 15:00:00,8295.833685404868,Sun,2,21,4,2023-02-13 19:23:00,110.72462619055187,269.0,인천광역시,상세주소1047
R01048,2023-02-13 16:00:00,261159.56329637804,Sat,15,4,32,2023-02-13 16:32:00,61.848075515541126,15201.0,서울특별시,상세주소1048
R01049,2023-02-13 17:00:00,7359.553844265754,Tue,11,10,48,2023-02-13 21:16:00,53.06089100130197,499.0,경기도,상세주소1049
R01050,2023-02-13 18:00:00,262535.8001325756,Tue,7,21,33,2023-02-13 19:39:00,89.513388772191,10558.0,서울특별시,상세주소1050
R01051,2023-02-13 19:00:00,159152.20307413637,Tue,23,20,29,2023-02-13 23:43:00,19.234069404754493,29788.0,경기도,상세주소1051
R01052,2023-02-13 20:00:00,281781.24185535597,Sun,16,16,7,2023-02-13 22:53:00,69.60067389130711,14574.0,충청남도,상세주소1052
R01053,2023-02-13 21:00:00,239836.18749632596,Wed,6,8,38,2023-02-13 21:53:00,58.544032147334065,14748.0,서울특별시,상세주소1053
R01054,2023-02-13 22:00:00,299382.2990494679,Mon,10,4,46,2023-02-14 02:23:00,88.96368639742717,12114.0,서울특별시,상세주소1054
R01055,2023-02-13 23:00:00,105862.83282006133,Thu,17,29,25,2023-02-14 02:24:00,72.09846717300384,5285.0,경기도,상세주소1055
R01056,2023-02-14 00:00:00,230389.29839040694,Mon,0,10,36,2023-02-14 03:08:00,62.78204339683317,13210.0,서울특별시,상세주소1056
R01057,2023-02-14 01:00:00,121177.3431691634,Sun,2,12,33,2023-02-14 01:47:00,73.25267595093098,5955.0,경기도,상세주소1057
R01058,2023-02-14 02:00:00,144482.81047086875,Mon,3,29,6,2023-02-14 03:13:00,38.88835375758496,13375.0,경기도,상세주소1058
R01059,2023-02-14 03:00:00,188624.13350229265,Sun,12,14,39,2023-02-14 06:04:00,79.33639668957719,8559.0,경기도,상세주소1059
R01060,2023-02-14 04:00:00,262229.4571417153,Mon,5,16,27,2023-02-14 08:20:00,33.108284859730574,28513.0,경기도,상세주소1060
R01061,2023-02-14 05:00:00,295240.9572905892,Tue,13,22,38,2023-02-14 09:14:00,67.16994761628729,15823.0,서울특별시,상세주소1061
R01062,2023-02-14 06:00:00,230713.75074549095,Fri,4,18,38,2023-02-14 10:06:00,60.71228682172049,13680.0,서울특별시,상세주소1062
R01063,2023-02-14 07:00:00,125912.2678680328,Tue,15,21,27,2023-02-14 08:25:00,24.738908472571495,18322.0,충청남도,상세주소1063
R01064,2023-02-14 08:00:00,126985.74368084398,Tue,14,22,13,2023-02-14 09:00:00,61.378841161920995,7447.0,서울특별시,상세주소1064
R01065,2023-02-14 09:00:00,221537.10817507855,Sat,14,21,49,2023-02-14 10:28:00,65.63973503412596,12150.0,경기도,상세주소1065
R01066,2023-02-14 10:00:00,72394.3665847224,Sat,3,12,37,2023-02-14 14:24:00,46.90248052084418,5556.0,-,상세주소1066
R01067,2023-02-14 11:00:00,34031.759826287,Mon,7,18,3,2023-02-14 13:16:00,39.75156002314784,3082.0,서울특별시,상세주소1067
R01068,2023-02-14 12:00:00,107032.02513459219,Sun,15,30,41,2023-02-14 15:40:00,69.84354806856794,5516.0,서울특별시,상세주소1068
R01069,2023-02-14 13:00:00,86884.45850457044,Tue,15,7,17,2023-02-14 13:47:00,318.69189226350977,981.0,서울특별시,상세주소1069
R01070,2023-02-14 14:00:00,89596.12801634104,Mon,3,20,43,2023-02-14 18:15:00,64.53638178508088,4997.0,충청남도,상세주소1070
R01071,2023-02-14 15:00:00,70848.71756392307,Sat,12,24,47,2023-02-14 18:16:00,60.17683544709767,4238.0,경기도,상세주소1071
R01072,2023-02-14 16:00:00,13585.863701272203,Fri,12,23,24,2023-02-14 17:40:00,48.668739660488065,1004.0,경기도,상세주소1072
R01073,2023-02-14 17:00:00,6344.306485290729,Thu,1,7,6,2023-02-14 18:23:00,105.44362905329537,216.0,인천광역시,상세주소1073
R01074,2023-02-14 18:00:00,296328.99453107343,Mon,2,9,37,2023-02-14 22:34:00,54.03338319503823,19743.0,경기도,상세주소1074
R01075,2023-02-14 19:00:00,128904.16698702284,Fri,21,1,27,2023-02-14 20:45:00,42.69773273062434,10868.0,충청남도,상세주소1075
R01076,2023-02-14 20:00:00,115913.66750074482,Thu,7,26,4,2023-02-14 21:04:00,61.08854550420268,6830.0,서울특별시,상세주소1076
R01077,2023-02-14 21:00:00,204214.53752522788,Wed,23,6,2,2023-02-15 01:56:00,56.381179073777645,13039.0,서울특별시,상세주소1077
R01078,2023-02-14 22:00:00,66257.91247165418,Mon,14,6,43,2023-02-15 00:30:00,53.569743831670195,4452.0,인천광역시,상세주소1078
R01079,2023-02-14 23:00:00,285038.3940011174,Mon,10,22,30,2023-02-14 23:54:00,97.48552181211971,10526.0,경기도,상세주소1079
R01080,2023-02-15 00:00:00,236117.15931025005,Wed,8,29,46,2023-02-15 03:09:00,37.40504363990786,22724.0,충청남도,상세주소1080
R01081,2023-02-15 01:00:00,27733.889691365595,Wed,6,12,41,2023-02-15 02:53:00,60.74874137587412,1643.0,-,상세주소1081
R01082,2023-02-15 02:00:00,125856.65195969358,Mon,12,22,19,2023-02-15 04:23:00,38.746539501429766,11693.0,서울특별시,상세주소1082
R01083,2023-02-15 03:00:00,263856.37396108726,Wed,1,12,18,2023-02-15 07:12:00,49.17950457207943,19314.0,강원도,상세주소1083
R01084,2023-02-15 04:00:00,283474.8746651317,Tue,7,10,47,2023-02-15 07:15:00,94.72231899790064,10773.0,경기도,상세주소1084
R01085,2023-02-15 05:00:00,140753.05186371104,Thu,6,23,10,2023-02-15 08:40:00,65.62890111443787,7720.0,충청남도,상세주소1085
R01086,2023-02-15 06:00:00,184410.0053740016,Thu,23,30,39,2023-02-15 09:24:00,65.38741190376768,10152.0,경기도,상세주소1086
R01087,2023-02-15 07:00:00,50943.149881530495,Thu,11,26,2,2023-02-15 07:30:00,41.21037543744291,4450.0,경기도,상세주소1087
R01088,2023-02-15 08:00:00,297359.419214956,Tue,18,6,22,2023-02-15 12:18:00,51.507568825664364,20783.0,경기도,상세주소1088
R01089,2023-02-15 09:00:00,70269.83871364957,Sun,6,17,6,2023-02-15 10:55:00,96.46243043117006,2622.0,경기도,상세주소1089
R01090,2023-02-15 10:00:00,282876.80046640255,Wed,9,19,22,2023-02-15 11:31:00,69.98724492873822,14550.0,경기도,상세주소1090
R01091,2023-02-15 11:00:00,195244.34804871818,Fri,15,18,6,2023-02-15 14:55:00,53.2057029671419,13210.0,강원도,상세주소1091
R01092,2023-02-15 12:00:00,182713.30166877888,Wed,2,6,45,2023-02-15 14:14:00,68.81214513939878,9558.0,충청남도,상세주소1092
R01093,2023-02-15 13:00:00,154293.86479393605,Mon,9,24,33,2023-02-15 17:39:00,65.35327726422418,8499.0,경기도,상세주소1093
R01094,2023-02-15 14:00:00,69970.27370360984,Sat,5,19,41,2023-02-15 14:42:00,43.211206922962475,5829.0,경기도,상세주소1094
R01095,2023-02-15 15:00:00,53781.88156964697,Thu,17,10,18,2023-02-15 18:12:00,52.62383502955852,3679.0,충청남도,상세주소1095
R01096,2023-02-15 16:00:00,66925.37651198242,Wed,17,24,8,2023-02-15 17:12:00,105.09072204215731,2292.0,경기도,상세주소1096
R01097,2023-02-15 17:00:00,56745.0403811321,Fri,4,8,47,2023-02-15 19:20:00,67.84005166893282,3011.0,경기도,상세주소1097
R01098,2023-02-15 18:00:00,234095.75759645924,Mon,20,21,17,2023-02-15 21:54:00,28.619159773809145,29446.0,서울특별시,상세주소1098
R01099,2023-02-15 19:00:00,105687.4524908523,Tue,6,24,40,2023-02-15 23:45:00,70.20420296492821,5419.0,서울특별시,상세주소1099
R01100,2023-02-15 20:00:00,18294.960292455515,Sun,1,6,47,2023-02-15 22:53:00,86.06176546055892,765.0,경기도,상세주소1100
R01101,2023-02-15 21:00:00,290761.6864121026,Tue,10,21,44,2023-02-15 23:55:00,41.91243639694545,24974.0,인천광역시,상세주소1101
R01102,2023-02-15 22:00:00,265251.97960406425,Fri,12,25,41,2023-02-16 01:13:00,50.863154066330395,18774.0,서울특별시,상세주소1102
R01103,2023-02-15 23:00:00,278397.9326753687,Mon,22,30,24,2023-02-16 02:18:00,89.07541909917036,11251.0,경기도,상세주소1103
R01104,2023-02-16 00:00:00,298477.43897128414,Thu,4,7,13,2023-02-16 04:22:00,60.69824937652461,17702.0,강원도,상세주소1104
R01105,2023-02-16 01:00:00,52994.6795166267,Wed,5,24,43,2023-02-16 02:29:00,57.142435544174205,3338.0,서울특별시,상세주소1105
R01106,2023-02-16 02:00:00,119476.36365189496,Mon,23,1,24,2023-02-16 06:24:00,33.27883940243042,12924.0,경기도,상세주소1106
R01107,2023-02-16 03:00:00,227713.3042355233,Sun,13,27,18,2023-02-16 06:14:00,81.41132616961734,10069.0,경기도,상세주소1107
R01108,2023-02-16 04:00:00,209110.1647980839,Tue,11,18,38,2023-02-16 07:43:00,56.23061926498746,13387.0,경기도,상세주소1108
R01109,2023-02-16 05:00:00,47014.87599561666,Sun,3,24,14,2023-02-16 09:23:00,16.580341296864617,10208.0,서울특별시,상세주소1109
R01110,2023-02-16 06:00:00,244934.1043721947,Sun,22,28,15,2023-02-16 09:32:00,28.54724970467492,30887.0,경기도,상세주소1110
R01111,2023-02-16 07:00:00,68107.73097916154,Fri,5,25,26,2023-02-16 11:21:00,48.768387696346046,5027.0,서울특별시,상세주소1111
R01112,2023-02-16 08:00:00,67921.4668319643,Fri,9,20,39,2023-02-16 10:16:00,38.54315413674729,6343.0,경기도,상세주소1112
R01113,2023-02-16 09:00:00,161555.35244513064,Wed,17,12,9,2023-02-16 13:12:00,41.680764926000435,13953.0,서울특별시,상세주소1113
R01114,2023-02-16 10:00:00,178289.04051766923,Fri,14,16,3,2023-02-16 11:49:00,106.89339790606861,6004.0,인천광역시,상세주소1114
R01115,2023-02-16 11:00:00,174445.77614350553,Fri,7,10,18,2023-02-16 15:23:00,74.15046027332208,8469.0,서울특별시,상세주소1115
R01116,2023-02-16 12:00:00,28354.564381928707,Mon,8,27,27,2023-02-16 15:33:00,10.0,10207.0,서울특별시,상세주소1116
R01117,2023-02-16 13:00:00,263360.79792648373,Thu,4,10,20,2023-02-16 16:34:00,53.71356177558995,17651.0,강원도,상세주소1117
R01118,2023-02-16 14:00:00,80414.4127340231,Wed,9,14,46,2023-02-16 16:43:00,58.210131852922636,4973.0,서울특별시,상세주소1118
R01119,2023-02-16 15:00:00,39724.96146355845,Mon,19,25,13,2023-02-16 19:09:00,30.461321321267313,4694.0,경기도,상세주소1119
R01120,2023-02-16 16:00:00,266735.67588082416,Thu,5,20,32,2023-02-16 19:51:00,70.68772611071886,13584.0,서울특별시,상세주소1120
R01121,2023-02-16 17:00:00,286739.79797069624,Sun,15,10,47,2023-02-16 19:55:00,19.172213497201625,53841.0,충청남도,상세주소1121
R01122,2023-02-16 18:00:00,258776.15756236974,Mon,23,10,9,2023-02-16 20:36:00,81.93893915540741,11369.0,경기도,상세주소1122
R01123,2023-02-16 19:00:00,243045.30634273854,Sat,2,26,18,2023-02-16 21:44:00,88.83059963445768,9849.0,경기도,상세주소1123
R01124,2023-02-16 20:00:00,196917.35221106748,Mon,9,25,29,2023-02-16 22:23:00,107.05170157914006,6622.0,서울특별시,상세주소1124
R01125,2023-02-16 21:00:00,165706.35381213264,Fri,10,11,21,2023-02-17 01:53:00,28.51341491534174,20921.0,서울특별시,상세주소1125
R01126,2023-02-16 22:00:00,27009.04121351163,Thu,10,23,2,2023-02-16 23:33:00,32.58205282999728,2984.0,인천광역시,상세주소1126
R01127,2023-02-16 23:00:00,123127.51070813891,Wed,16,2,36,2023-02-17 01:44:00,73.85344068505462,6001.0,경기도,상세주소1127
R01128,2023-02-17 00:00:00,112433.86658668188,Wed,3,25,40,2023-02-17 01:10:00,83.65360110131954,4838.0,경기도,상세주소1128
R01129,2023-02-17 01:00:00,78666.38134433754,Thu,3,20,17,2023-02-17 01:32:00,76.17905322717144,3717.0,-,상세주소1129
R01130,2023-02-17 02:00:00,217302.6139928869,Fri,16,8,10,2023-02-17 05:43:00,81.5943401438852,9587.0,경기도,상세주소1130
R01131,2023-02-17 03:00:00,149266.84478855247,Tue,8,30,47,2023-02-17 05:19:00,87.53654723930069,6138.0,경기도,상세주소1131
R01132,2023-02-17 04:00:00,25232.818556386734,Mon,18,23,1,2023-02-17 08:10:00,64.04500791058466,1418.0,서울특별시,상세주소1132
R01133,2023-02-17 05:00:00,66834.77738299359,Fri,4,29,11,2023-02-17 05:33:00,55.74900173158815,4315.0,충청남도,상세주소1133
R01134,2023-02-17 06:00:00,205294.3703342192,Sat,21,7,5,2023-02-17 10:33:00,32.63645584149192,22645.0,인천광역시,상세주소1134
R01135,2023-02-17 07:00:00,23763.126987599757,Sun,23,8,42,2023-02-17 10:15:00,54.03789189568403,1583.0,강원도,상세주소1135
R01136,2023-02-17 08:00:00,255510.86730058183,Thu,5,1,39,2023-02-17 08:55:00,57.10223195338207,16108.0,경기도,상세주소1136
R01137,2023-02-17 09:00:00,149048.81157717833,Mon,2,21,43,2023-02-17 09:46:00,41.0063085335149,13085.0,경기도,상세주소1137
R01138,2023-02-17 10:00:00,144695.38662066776,Wed,21,2,28,2023-02-17 14:05:00,59.23551597685872,8793.0,경기도,상세주소1138
R01139,2023-02-17 11:00:00,178129.92761319576,Sun,0,18,29,2023-02-17 13:01:00,38.752420658410344,16547.0,충청남도,상세주소1139
R01140,2023-02-17 12:00:00,247579.6088116196,Tue,19,15,1,2023-02-17 13:00:00,82.26664672694339,10834.0,서울특별시,상세주소1140
R01141,2023-02-17 13:00:00,104994.95316275572,Sat,21,1,8,2023-02-17 16:54:00,68.51648938358319,5516.0,경기도,상세주소1141
R01142,2023-02-17 14:00:00,203726.82961516,Wed,15,5,46,2023-02-17 17:56:00,50.80792622323372,14435.0,인천광역시,상세주소1142
R01143,2023-02-17 15:00:00,170153.85723474153,Thu,22,2,1,2023-02-17 17:16:00,63.7768121565217,9604.0,경기도,상세주소1143
R01144,2023-02-17 16:00:00,80841.45278065698,Mon,10,20,28,2023-02-17 18:55:00,37.898204752837,7679.0,서울특별시,상세주소1144
R01145,2023-02-17 17:00:00,263710.3659201922,Thu,12,3,32,2023-02-17 19:10:00,39.92614473761473,23777.0,충청남도,상세주소1145
R01146,2023-02-17 18:00:00,239430.3804604715,Sun,9,19,9,2023-02-17 22:30:00,47.32290723445555,18214.0,경기도,상세주소1146
R01147,2023-02-17 19:00:00,197877.0985628692,Mon,2,18,33,2023-02-17 23:36:00,56.16143859181798,12684.0,경기도,상세주소1147
R01148,2023-02-17 20:00:00,255323.93699917832,Fri,8,29,43,2023-02-17 23:12:00,62.82403624978048,14630.0,경기도,상세주소1148
R01149,2023-02-17 21:00:00,260320.96608698092,Tue,11,22,7,2023-02-18 00:22:00,62.90312733792011,14898.0,경기도,상세주소1149
R01150,2023-02-17 22:00:00,212800.5300377954,Fri,22,18,36,2023-02-17 23:04:00,33.62444667005399,22783.0,경기도,상세주소1150
R01151,2023-02-17 23:00:00,251266.98518073795,Fri,13,14,32,2023-02-17 23:50:00,58.385422342156836,15492.0,서울특별시,상세주소1151
R01152,2023-02-18 00:00:00,209543.9670391158,Thu,0,30,46,2023-02-18 03:12:00,43.63889358836891,17286.0,경기도,상세주소1152
R01153,2023-02-18 01:00:00,204362.09075632982,Sun,17,24,5,2023-02-18 03:06:00,10.0,73570.0,강원도,상세주소1153
R01154,2023-02-18 02:00:00,185964.80208634012,Tue,16,8,43,2023-02-18 03:24:00,121.51171063045899,5509.0,경기도,상세주소1154
R01155,2023-02-18 03:00:00,226062.27522773473,Mon,8,29,39,2023-02-18 05:36:00,44.026985480941775,18484.0,경기도,상세주소1155
R01156,2023-02-18 04:00:00,48422.92648262904,Mon,8,30,44,2023-02-18 07:42:00,45.13695691710389,3862.0,경기도,상세주소1156
R01157,2023-02-18 05:00:00,264380.3570004796,Sat,22,12,18,2023-02-18 09:32:00,33.07127755278816,28779.0,인천광역시,상세주소1157
R01158,2023-02-18 06:00:00,261681.21479582437,Wed,9,21,31,2023-02-18 07:57:00,38.850140906056524,24248.0,서울특별시,상세주소1158
R01159,2023-02-18 07:00:00,9744.937627333185,Sat,18,10,26,2023-02-18 11:04:00,56.22655370171767,623.0,충청남도,상세주소1159
R01160,2023-02-18 08:00:00,247919.20841886403,Sat,14,23,0,2023-02-18 10:01:00,87.03626648240056,10254.0,인천광역시,상세주소1160
R01161,2023-02-18 09:00:00,39532.09037456012,Mon,4,20,42,2023-02-18 13:24:00,56.1130265690464,2536.0,강원도,상세주소1161
R01162,2023-02-18 10:00:00,101200.53742348343,Thu,14,17,32,2023-02-18 13:33:00,53.5287538153065,6806.0,인천광역시,상세주소1162
R01163,2023-02-18 11:00:00,223308.9686311907,Fri,19,11,39,2023-02-18 12:07:00,84.00547954042776,9569.0,경기도,상세주소1163
R01164,2023-02-18 12:00:00,49067.20891844415,Sun,22,2,31,2023-02-18 14:48:00,49.51206938929833,3567.0,충청남도,상세주소1164
R01165,2023-02-18 13:00:00,245572.1402115996,Fri,1,26,4,2023-02-18 16:44:00,60.42298791151332,14631.0,강원도,상세주소1165
R01166,2023-02-18 14:00:00,249808.11920936484,Fri,12,26,16,2023-02-18 14:44:00,41.56859869574038,21634.0,-,상세주소1166
R01167,2023-02-18 15:00:00,152732.85239449004,Tue,23,4,7,2023-02-18 19:46:00,93.7026700190514,5867.0,경기도,상세주소1167
R01168,2023-02-18 16:00:00,2909.37564333324,Mon,15,1,41,2023-02-18 18:44:00,80.97020480071693,,서울특별시,상세주소1168
R01169,2023-02-18 17:00:00,86824.40181929892,Sun,14,15,33,2023-02-18 17:30:00,56.94025260933267,5489.0,경기도,상세주소1169
R01170,2023-02-18 18:00:00,185461.14859434692,Thu,9,13,8,2023-02-18 19:18:00,52.01113436258548,12836.0,경기도,상세주소1170
R01171,2023-02-18 19:00:00,294374.6672301996,Tue,13,8,22,2023-02-18 21:05:00,59.363210867265224,17851.0,인천광역시,상세주소1171
R01172,2023-02-18 20:00:00,189912.24457798383,Wed,9,25,34,2023-02-18 23:50:00,57.23234842778399,11945.0,-,상세주소1172
R01173,2023-02-18 21:00:00,78681.27073818378,Thu,13,4,49,2023-02-18 21:55:00,29.063606693546532,9745.0,서울특별시,상세주소1173
R01174,2023-02-18 22:00:00,190567.7052267838,Sat,22,10,6,2023-02-19 02:24:00,81.65334902850749,8401.0,충청남도,상세주소1174
R01175,2023-02-18 23:00:00,162455.6285350408,Thu,8,19,14,2023-02-19 03:33:00,55.45724439511228,10545.0,경기도,상세주소1175
R01176,2023-02-19 00:00:00,234173.77315019193,Thu,13,18,19,2023-02-19 01:20:00,97.96680752092291,8605.0,경기도,상세주소1176
R01177,2023-02-19 01:00:00,32987.211009260565,Fri,2,5,49,2023-02-19 02:50:00,68.43631421525164,1735.0,서울특별시,상세주소1177
R01178,2023-02-19 02:00:00,228547.34284810637,Thu,19,30,24,2023-02-19 03:05:00,10.0,82277.0,경기도,상세주소1178
R01179,2023-02-19 03:00:00,162838.70702415696,Sat,15,19,2,2023-02-19 04:36:00,34.36753100301899,17057.0,충청남도,상세주소1179
R01180,2023-02-19 04:00:00,288934.6091538394,Sat,1,26,45,2023-02-19 06:38:00,17.07889786563478,60903.0,경기도,상세주소1180
R01181,2023-02-19 05:00:00,103219.77764556714,Mon,9,23,23,2023-02-19 08:04:00,34.119038913622035,10891.0,서울특별시,상세주소1181
R01182,2023-02-19 06:00:00,190153.9460470505,Thu,2,27,33,2023-02-19 10:34:00,27.3279665162124,25049.0,서울특별시,상세주소1182
R01183,2023-02-19 07:00:00,279676.4035474952,Fri,10,22,45,2023-02-19 09:20:00,65.05134980763681,15477.0,경기도,상세주소1183
R01184,2023-02-19 08:00:00,31650.4086692131,Thu,10,16,21,2023-02-19 11:17:00,53.678293167874486,2122.0,강원도,상세주소1184
R01185,2023-02-19 09:00:00,281231.3176836989,Wed,20,1,10,2023-02-19 11:51:00,74.81079836057778,13533.0,서울특별시,상세주소1185
R01186,2023-02-19 10:00:00,206677.83096794318,Wed,20,12,47,2023-02-19 13:46:00,59.23800834652077,12560.0,서울특별시,상세주소1186
R01187,2023-02-19 11:00:00,21283.2806724464,Fri,21,24,7,2023-02-19 13:18:00,55.1938186371033,1388.0,충청남도,상세주소1187
R01188,2023-02-19 12:00:00,90988.10651709806,Mon,12,2,38,2023-02-19 13:48:00,100.06413898538688,3273.0,경기도,상세주소1188
R01189,2023-02-19 13:00:00,212743.4545049392,Mon,6,21,42,2023-02-19 16:10:00,64.45645267717005,11882.0,충청남도,상세주소1189
R01190,2023-02-19 14:00:00,21137.82983916274,Sat,22,25,34,2023-02-19 14:48:00,58.38976964994851,1303.0,경기도,상세주소1190
R01191,2023-02-19 15:00:00,175068.9675927057,Sat,16,8,48,2023-02-19 17:36:00,42.93118159863914,14680.0,경기도,상세주소1191
R01192,2023-02-19 16:00:00,104419.03402893407,Tue,1,18,45,2023-02-19 19:54:00,36.48172968660745,10304.0,-,상세주소1192
R01193,2023-02-19 17:00:00,186653.73981247566,Fri,11,25,37,2023-02-19 17:58:00,75.41002036784202,8910.0,충청남도,상세주소1193
R01194,2023-02-19 18:00:00,14676.868109941342,Thu,9,16,7,2023-02-19 21:56:00,74.21391995669718,711.0,경기도,상세주소1194
R01195,2023-02-19 19:00:00,261589.5050395605,Sun,17,5,36,2023-02-19 22:00:00,91.43157477898,10299.0,서울특별시,상세주소1195
R01196,2023-02-19 20:00:00,292073.20178404165,Fri,21,26,26,2023-02-20 00:29:00,69.57823186605631,15111.0,강원도,상세주소1196
R01197,2023-02-19 21:00:00,290694.47873042175,Tue,10,30,27,2023-02-20 01:55:00,52.13794325120909,20071.0,경기도,상세주소1197
R01198,2023-02-19 22:00:00,225145.89769113448,Sat,15,22,39,2023-02-20 01:31:00,70.22020557540634,11542.0,경기도,상세주소1198
R01199,2023-02-19 23:00:00,39895.78579905896,Fri,16,13,33,2023-02-20 01:14:00,58.39398795592118,2459.0,서울특별시,상세주소1199
R01200,2023-02-20 00:00:00,227720.69558277776,Fri,18,19,31,2023-02-20 04:25:00,77.3077026814754,10604.0,경기도,상세주소1200
R01201,2023-02-20 01:00:00,8351.488021181653,Sat,17,29,14,2023-02-20 04:22:00,86.68663653704087,346.0,경기도,상세주소1201
R01202,2023-02-20 02:00:00,7614.941907170179,Tue,2,3,43,2023-02-20 05:07:00,56.62887307232425,484.0,충청남도,상세주소1202
R01203,2023-02-20 03:00:00,97759.45552571284,Sat,20,26,16,2023-02-20 06:21:00,95.14619279629478,3698.0,경기도,상세주소1203
R01204,2023-02-20 04:00:00,147104.31393099506,Mon,15,8,32,2023-02-20 07:06:00,83.76694535243038,6322.0,충청남도,상세주소1204
R01205,2023-02-20 05:00:00,231351.81792453016,Thu,5,27,46,2023-02-20 09:47:00,60.35368678862142,13799.0,서울특별시,상세주소1205
R01206,2023-02-20 06:00:00,205305.31760534504,Sat,11,26,45,2023-02-20 09:13:00,73.41486550115877,10067.0,서울특별시,상세주소1206
R01207,2023-02-20 07:00:00,134324.90920664775,Tue,10,26,15,2023-02-20 09:56:00,66.10993773960368,7314.0,서울특별시,상세주소1207
R01208,2023-02-20 08:00:00,82814.3732182181,Wed,14,12,28,2023-02-20 11:03:00,60.439879856085874,4932.0,서울특별시,상세주소1208
R01209,2023-02-20 09:00:00,299140.22554715566,Mon,14,2,8,2023-02-20 10:07:00,98.2629011294602,10959.0,경기도,상세주소1209
R01210,2023-02-20 10:00:00,128428.20936855591,Wed,15,11,32,2023-02-20 12:40:00,70.35208921981382,6571.0,경기도,상세주소1210
R01211,2023-02-20 11:00:00,135964.72027457296,Sun,9,12,48,2023-02-20 15:44:00,43.180632787378805,11335.0,인천광역시,상세주소1211
R01212,2023-02-20 12:00:00,49923.52253630909,Sat,11,28,28,2023-02-20 15:57:00,39.440606461427826,4556.0,경기도,상세주소1212
R01213,2023-02-20 13:00:00,238648.0550762289,Mon,12,18,12,2023-02-20 15:04:00,40.25806159095545,21340.0,경기도,상세주소1213
R01214,2023-02-20 14:00:00,208410.9855086651,Thu,3,13,20,2023-02-20 17:20:00,69.79009001836347,10750.0,-,상세주소1214
R01215,2023-02-20 15:00:00,67010.11422383935,Sat,6,5,20,2023-02-20 19:39:00,53.16972655361885,4537.0,-,상세주소1215
R01216,2023-02-20 16:00:00,25631.932639136965,Thu,21,22,4,2023-02-20 19:39:00,66.66587433225556,1384.0,경기도,상세주소1216
R01217,2023-02-20 17:00:00,204469.29132033922,Fri,1,12,9,2023-02-20 20:48:00,78.72792569922746,9349.0,경기도,상세주소1217
R01218,2023-02-20 18:00:00,196698.85307005944,Wed,14,2,5,2023-02-20 22:10:00,100.57427060864578,7040.0,인천광역시,상세주소1218
R01219,2023-02-20 19:00:00,82704.59857246459,Mon,7,5,12,2023-02-20 19:53:00,53.63053532623286,5551.0,충청남도,상세주소1219
R01220,2023-02-20 20:00:00,285308.2051128727,Thu,6,7,0,2023-02-21 00:33:00,31.82898785333539,32269.0,경기도,상세주소1220
R01221,2023-02-20 21:00:00,46166.30964248917,Tue,14,26,19,2023-02-20 23:37:00,95.84804130661453,1733.0,경기도,상세주소1221
R01222,2023-02-20 22:00:00,130268.10551173797,Thu,22,26,46,2023-02-21 00:02:00,30.857983553618574,15197.0,충청남도,상세주소1222
R01223,2023-02-20 23:00:00,283141.1601301121,Tue,13,24,45,2023-02-21 01:42:00,30.07142585088416,33896.0,강원도,상세주소1223
R01224,2023-02-21 00:00:00,126498.46776091057,Sat,7,12,7,2023-02-21 01:24:00,95.32900519933796,4777.0,인천광역시,상세주소1224
R01225,2023-02-21 01:00:00,191919.25835156158,Mon,11,16,9,2023-02-21 04:07:00,81.32463055474959,8495.0,경기도,상세주소1225
R01226,2023-02-21 02:00:00,119880.72499087549,Thu,12,23,8,2023-02-21 02:58:00,69.69680682452363,6192.0,서울특별시,상세주소1226
R01227,2023-02-21 03:00:00,82990.34550225234,Sun,10,8,48,2023-02-21 07:00:00,59.00158005093052,5063.0,서울특별시,상세주소1227
R01228,2023-02-21 04:00:00,295209.31673998863,Thu,16,30,40,2023-02-21 07:03:00,55.21591965209492,19247.0,경기도,상세주소1228
R01229,2023-02-21 05:00:00,123390.86788819786,Sun,16,28,2,2023-02-21 09:11:00,46.983479500113226,9454.0,경기도,상세주소1229
R01230,2023-02-21 06:00:00,268335.6619000612,Mon,23,9,10,2023-02-21 08:24:00,54.33913651449168,17777.0,경기도,상세주소1230
R01231,2023-02-21 07:00:00,69756.42716143477,Thu,3,15,11,2023-02-21 10:07:00,59.05169237938556,4252.0,서울특별시,상세주소1231
R01232,2023-02-21 08:00:00,64718.30650349991,Tue,20,5,9,2023-02-21 12:48:00,32.511002161211564,7166.0,서울특별시,상세주소1232
R01233,2023-02-21 09:00:00,10309.090782468897,Thu,7,13,24,2023-02-21 13:40:00,43.59542968055088,851.0,충청남도,상세주소1233
R01234,2023-02-21 10:00:00,195848.38078738964,Wed,4,5,48,2023-02-21 12:31:00,17.761635022716085,39695.0,인천광역시,상세주소1234
R01235,2023-02-21 11:00:00,111189.37677340458,Sat,15,11,48,2023-02-21 15:52:00,61.55854904200627,6502.0,강원도,상세주소1235
R01236,2023-02-21 12:00:00,259443.11670205148,Fri,3,10,24,2023-02-21 13:18:00,61.56202402168653,15171.0,충청남도,상세주소1236
R01237,2023-02-21 13:00:00,142489.76210077558,Tue,21,20,10,2023-02-21 14:46:00,95.57030872530359,5367.0,경기도,상세주소1237
R01238,2023-02-21 14:00:00,290489.8349465018,Wed,14,13,35,2023-02-21 16:36:00,67.51109844065118,15490.0,경기도,상세주소1238
R01239,2023-02-21 15:00:00,56472.129195233225,Sun,11,9,38,2023-02-21 18:46:00,48.879158661692436,4159.0,서울특별시,상세주소1239
R01240,2023-02-21 16:00:00,260718.32721872762,Sat,4,21,25,2023-02-21 20:10:00,55.99289996600534,16762.0,경기도,상세주소1240
R01241,2023-02-21 17:00:00,233202.45898473077,Mon,22,14,13,2023-02-21 19:00:00,69.73644625022203,12038.0,강원도,상세주소1241
R01242,2023-02-21 18:00:00,231505.63154857155,Tue,15,18,38,2023-02-21 18:37:00,64.55225253090003,12910.0,경기도,상세주소1242
R01243,2023-02-21 19:00:00,253590.18520694942,Fri,13,15,39,2023-02-21 20:01:00,71.56571838423196,12756.0,경기도,상세주소1243
R01244,2023-02-21 20:00:00,228546.17329195666,Sat,9,10,0,2023-02-22 00:58:00,67.5408954707587,12181.0,서울특별시,상세주소1244
R01245,2023-02-21 21:00:00,188239.8761677932,Sun,6,24,3,2023-02-22 00:40:00,54.94711469619999,12333.0,서울특별시,상세주소1245
R01246,2023-02-21 22:00:00,40242.218427033884,Fri,12,7,29,2023-02-22 01:12:00,49.28413417854001,2939.0,서울특별시,상세주소1246
R01247,2023-02-21 23:00:00,10725.327667884323,Mon,19,8,11,2023-02-22 00:30:00,48.20875592080068,800.0,서울특별시,상세주소1247
R01248,2023-02-22 00:00:00,276333.5064968904,Mon,4,28,34,2023-02-22 04:53:00,41.49457430755882,23974.0,경기도,상세주소1248
R01249,2023-02-22 01:00:00,185378.44404170068,Sun,2,3,12,2023-02-22 03:04:00,38.35761432450949,17398.0,경기도,상세주소1249
R01250,2023-02-22 02:00:00,239164.65000187673,Tue,14,15,30,2023-02-22 03:10:00,96.7692786172495,8897.0,강원도,상세주소1250
R01251,2023-02-22 03:00:00,144975.1831022525,Sun,3,16,37,2023-02-22 05:58:00,62.494203032921114,8351.0,경기도,상세주소1251
R01252,2023-02-22 04:00:00,36075.148499755946,Thu,14,4,42,2023-02-22 07:53:00,56.89397097783331,2282.0,경기도,상세주소1252
R01253,2023-02-22 05:00:00,38430.55186856258,Mon,13,21,22,2023-02-22 09:56:00,50.08231367654187,2762.0,서울특별시,상세주소1253
R01254,2023-02-22 06:00:00,205984.02088146243,Sat,19,6,3,2023-02-22 06:31:00,68.57758218661866,10813.0,경기도,상세주소1254
R01255,2023-02-22 07:00:00,129661.46257493935,Thu,18,1,15,2023-02-22 10:27:00,84.07327772112146,5552.0,서울특별시,상세주소1255
R01256,2023-02-22 08:00:00,60956.89328340068,Wed,12,4,6,2023-02-22 11:43:00,74.4652895251148,2946.0,서울특별시,상세주소1256
R01257,2023-02-22 09:00:00,147986.76947568962,Fri,9,11,21,2023-02-22 12:45:00,78.4317817462302,6792.0,인천광역시,상세주소1257
R01258,2023-02-22 10:00:00,20198.472185465092,Thu,20,12,28,2023-02-22 14:38:00,48.26942435632043,1506.0,인천광역시,상세주소1258
R01259,2023-02-22 11:00:00,175009.44917240524,Fri,4,26,10,2023-02-22 15:01:00,59.91741516433241,10515.0,경기도,상세주소1259
R01260,2023-02-22 12:00:00,81429.0279260942,Sun,22,29,32,2023-02-22 15:02:00,48.53243776282081,6040.0,서울특별시,상세주소1260
R01261,2023-02-22 13:00:00,239470.17109051926,Thu,19,5,28,2023-02-22 16:07:00,62.14062797606484,13873.0,경기도,상세주소1261
R01262,2023-02-22 14:00:00,93798.22571814856,Sun,19,23,38,2023-02-22 16:48:00,85.4518201611642,3951.0,경기도,상세주소1262
R01263,2023-02-22 15:00:00,137110.82457545857,Wed,5,29,11,2023-02-22 19:10:00,68.78807689807684,7175.0,서울특별시,상세주소1263
R01264,2023-02-22 16:00:00,4474.54143252209,Mon,3,21,6,2023-02-22 19:03:00,92.53428731992103,174.0,경기도,상세주소1264
R01265,2023-02-22 17:00:00,22661.619450573104,Wed,1,16,38,2023-02-22 21:38:00,54.22952779099717,1504.0,서울특별시,상세주소1265
R01266,2023-02-22 18:00:00,118355.57336559876,Mon,21,13,41,2023-02-22 18:31:00,43.86077891965906,9714.0,인천광역시,상세주소1266
R01267,2023-02-22 19:00:00,144501.71158041994,Sun,15,13,47,2023-02-22 20:57:00,70.24256973388559,7405.0,충청남도,상세주소1267
R01268,2023-02-22 20:00:00,180406.14388767182,Mon,17,17,25,2023-02-22 22:39:00,62.37716726445638,10411.0,인천광역시,상세주소1268
R01269,2023-02-22 21:00:00,88207.11103408167,Fri,4,27,39,2023-02-22 22:47:00,66.45404506329335,4778.0,경기도,상세주소1269
R01270,2023-02-22 22:00:00,208799.58395183622,Sat,21,7,8,2023-02-23 02:49:00,63.46440325932996,11844.0,경기도,상세주소1270
R01271,2023-02-22 23:00:00,258176.59675957216,Wed,3,8,40,2023-02-23 03:30:00,50.311312532970476,18473.0,경기도,상세주소1271
R01272,2023-02-23 00:00:00,234175.44567911158,Thu,12,13,33,2023-02-23 02:50:00,63.91472095539999,13189.0,경기도,상세주소1272
R01273,2023-02-23 01:00:00,12846.028779158787,Wed,18,23,44,2023-02-23 05:17:00,79.46741071658342,581.0,경기도,상세주소1273
R01274,2023-02-23 02:00:00,144671.57723009086,Fri,22,27,12,2023-02-23 05:12:00,81.52215415803909,6388.0,경기도,상세주소1274
R01275,2023-02-23 03:00:00,32374.123347034285,Mon,1,16,35,2023-02-23 07:25:00,50.20966801629257,2321.0,서울특별시,상세주소1275
R01276,2023-02-23 04:00:00,73371.4597428957,Fri,12,30,24,2023-02-23 06:37:00,64.6201186346097,4087.0,인천광역시,상세주소1276
R01277,2023-02-23 05:00:00,296012.1153868768,Tue,10,29,23,2023-02-23 08:49:00,89.54222165763176,11901.0,인천광역시,상세주소1277
R01278,2023-02-23 06:00:00,43606.16732755245,Tue,21,4,43,2023-02-23 07:00:00,50.64218501880951,3099.0,서울특별시,상세주소1278
R01279,2023-02-23 07:00:00,150167.55788195546,Thu,3,8,16,2023-02-23 09:47:00,47.011072011348965,11499.0,서울특별시,상세주소1279
R01280,2023-02-23 08:00:00,185828.56456111762,Fri,21,16,1,2023-02-23 08:50:00,75.88805927937742,8815.0,서울특별시,상세주소1280
R01281,2023-02-23 09:00:00,211037.02619268707,Sun,19,21,12,2023-02-23 13:23:00,72.37918413960958,10496.0,서울특별시,상세주소1281
R01282,2023-02-23 10:00:00,168334.9563625873,Thu,19,10,30,2023-02-23 13:51:00,43.26047836535778,14008.0,경기도,상세주소1282
R01283,2023-02-23 11:00:00,3921.483378335914,Sun,14,25,28,2023-02-23 13:40:00,32.01078806084977,441.0,인천광역시,상세주소1283
R01284,2023-02-23 12:00:00,98611.93116495358,Thu,3,12,49,2023-02-23 14:57:00,64.23112204592694,5526.0,서울특별시,상세주소1284
R01285,2023-02-23 13:00:00,155795.78137202872,Tue,8,12,27,2023-02-23 13:58:00,51.62805804270147,10863.0,경기도,상세주소1285
R01286,2023-02-23 14:00:00,27272.083244305173,Thu,6,26,26,2023-02-23 17:11:00,26.318474907431728,3730.0,경기도,상세주소1286
R01287,2023-02-23 15:00:00,105837.45243154504,Tue,18,5,14,2023-02-23 16:30:00,46.25594952303071,8237.0,경기도,상세주소1287
R01288,2023-02-23 16:00:00,10927.729528618604,Mon,18,16,30,2023-02-23 18:34:00,72.0521963006915,545.0,서울특별시,상세주소1288
R01289,2023-02-23 17:00:00,24494.970649351202,Sun,5,1,39,2023-02-23 18:40:00,56.971785781780106,1547.0,인천광역시,상세주소1289
R01290,2023-02-23 18:00:00,119680.05958427722,Fri,5,28,14,2023-02-23 22:32:00,91.32208090037321,4717.0,경기도,상세주소1290
R01291,2023-02-23 19:00:00,40682.01045887505,Thu,19,9,32,2023-02-23 23:38:00,18.255251791625213,8022.0,경기도,상세주소1291
R01292,2023-02-23 20:00:00,,Tue,14,12,19,2023-02-24 00:10:00,86.75984742974298,7082.0,강원도,상세주소1292
R01293,2023-02-23 21:00:00,207150.02577204246,Wed,14,5,41,2023-02-23 21:50:00,53.12193240467623,14038.0,경기도,상세주소1293
R01294,2023-02-23 22:00:00,240375.42303361578,Sun,19,22,11,2023-02-23 23:51:00,50.2315732808724,17227.0,경기도,상세주소1294
R01295,2023-02-23 23:00:00,60844.92302919822,Thu,8,20,36,2023-02-23 23:39:00,28.976123267034943,7559.0,경기도,상세주소1295
R01296,2023-02-24 00:00:00,51077.29209546186,Sat,3,22,8,2023-02-24 00:41:00,69.30163698285519,2653.0,인천광역시,상세주소1296
R01297,2023-02-24 01:00:00,32265.784259985674,Mon,17,28,22,2023-02-24 05:52:00,23.464760120128517,4950.0,서울특별시,상세주소1297
R01298,2023-02-24 02:00:00,191292.64461354737,Mon,17,24,7,2023-02-24 04:54:00,76.35807289195834,9018.0,서울특별시,상세주소1298
R01299,2023-02-24 03:00:00,212236.24221958345,Wed,4,3,31,2023-02-24 06:41:00,29.732718699164774,25697.0,-,상세주소1299
R01300,2023-02-24 04:00:00,10444.257302866969,Tue,19,5,47,2023-02-24 08:39:00,32.885880795261784,1143.0,인천광역시,상세주소1300
R01301,2023-02-24 05:00:00,280927.4616268633,Thu,22,2,13,2023-02-24 07:23:00,36.17570766634636,27956.0,경기도,상세주소1301
R01302,2023-02-24 06:00:00,16539.41381179025,Sun,10,14,26,2023-02-24 06:55:00,45.68100065213005,1303.0,인천광역시,상세주소1302
R01303,2023-02-24 07:00:00,162847.60425502007,Tue,4,2,24,2023-02-24 08:02:00,78.84151882199001,7435.0,경기도,상세주소1303
R01304,2023-02-24 08:00:00,213009.095315824,Mon,21,13,12,2023-02-24 09:31:00,90.07913067243308,8512.0,서울특별시,상세주소1304
R01305,2023-02-24 09:00:00,261419.76800007958,Tue,3,7,20,2023-02-24 13:18:00,47.74812902119946,19709.0,경기도,상세주소1305
R01306,2023-02-24 10:00:00,214511.9927075959,Mon,11,10,44,2023-02-24 12:04:00,59.06873797387869,13073.0,서울특별시,상세주소1306
R01307,2023-02-24 11:00:00,240716.69683786776,Tue,1,13,30,2023-02-24 12:04:00,69.79834618145023,12415.0,경기도,상세주소1307
R01308,2023-02-24 12:00:00,102495.607570299,Wed,12,16,36,2023-02-24 15:42:00,53.41375272532189,6908.0,충청남도,상세주소1308
R01309,2023-02-24 13:00:00,244632.70901020715,Fri,9,26,47,2023-02-24 14:45:00,69.01515254585993,12760.0,경기도,상세주소1309
R01310,2023-02-24 14:00:00,24954.339069017868,Wed,8,14,42,2023-02-24 18:38:00,59.918410569919374,1499.0,서울특별시,상세주소1310
R01311,2023-02-24 15:00:00,268550.18016209773,Wed,9,11,4,2023-02-24 16:52:00,54.93080242486937,17599.0,경기도,상세주소1311
R01312,2023-02-24 16:00:00,164730.12046996714,Fri,6,10,12,2023-02-24 16:54:00,31.60368610195805,18764.0,강원도,상세주소1312
R01313,2023-02-24 17:00:00,245372.03321878563,Fri,3,6,27,2023-02-24 18:26:00,62.980863958493394,14025.0,인천광역시,상세주소1313
R01314,2023-02-24 18:00:00,136243.16707097174,Thu,18,4,42,2023-02-24 19:01:00,79.16751409296116,6195.0,경기도,상세주소1314
R01315,2023-02-24 19:00:00,193429.73086376095,Sun,9,21,24,2023-02-24 19:41:00,44.43444304519434,15671.0,강원도,상세주소1315
R01316,2023-02-24 20:00:00,158394.39561989784,Sun,2,1,34,2023-02-24 22:01:00,20.634587316213413,27634.0,경기도,상세주소1316
R01317,2023-02-24 21:00:00,219745.26700484424,Thu,20,7,46,2023-02-24 21:30:00,53.608987154093924,14756.0,서울특별시,상세주소1317
R01318,2023-02-24 22:00:00,25407.364627146282,Wed,18,24,38,2023-02-25 00:45:00,90.19541289615039,1014.0,인천광역시,상세주소1318
R01319,2023-02-24 23:00:00,19045.273113178577,Wed,20,9,6,2023-02-25 02:45:00,84.23899870975501,813.0,경기도,상세주소1319
R01320,2023-02-25 00:00:00,74883.86696903378,Mon,1,8,37,2023-02-25 02:42:00,48.39075588434828,5570.0,-,상세주소1320
R01321,2023-02-25 01:00:00,48703.85935384331,Mon,19,5,31,2023-02-25 02:55:00,69.11030009979713,2537.0,경기도,상세주소1321
R01322,2023-02-25 02:00:00,261663.28641106831,Sun,9,19,2,2023-02-25 05:29:00,72.27091826301134,13034.0,경기도,상세주소1322
R01323,2023-02-25 03:00:00,66544.98222005524,Thu,1,10,44,2023-02-25 03:33:00,89.80676242979332,2667.0,충청남도,상세주소1323
R01324,2023-02-25 04:00:00,292783.7114899203,Sat,1,11,38,2023-02-25 06:35:00,28.988354075989893,36360.0,인천광역시,상세주소1324
R01325,2023-02-25 05:00:00,101731.84173956094,Sat,23,25,36,2023-02-25 08:24:00,38.623435387407106,9482.0,경기도,상세주소1325
R01326,2023-02-25 06:00:00,55453.256790921085,Thu,16,15,49,2023-02-25 10:40:00,19.80489277526693,10079.0,경기도,상세주소1326
R01327,2023-02-25 07:00:00,237119.85363560126,Mon,15,6,21,2023-02-25 07:50:00,46.43181603310256,18384.0,인천광역시,상세주소1327
R01328,2023-02-25 08:00:00,197953.62487476197,Sun,15,15,7,2023-02-25 10:14:00,81.3261113493767,8762.0,경기도,상세주소1328
R01329,2023-02-25 09:00:00,149960.51921948855,Sun,13,5,16,2023-02-25 10:35:00,48.80561680088638,11061.0,강원도,상세주소1329
R01330,2023-02-25 10:00:00,167053.70173035175,Mon,6,29,26,2023-02-25 14:52:00,33.836221403593875,17773.0,인천광역시,상세주소1330
R01331,2023-02-25 11:00:00,216041.33170340688,Sat,20,19,32,2023-02-25 12:18:00,64.53272834964197,12052.0,경기도,상세주소1331
R01332,2023-02-25 12:00:00,69307.96765805832,Tue,10,22,45,2023-02-25 12:45:00,65.0473767357471,3835.0,경기도,상세주소1332
R01333,2023-02-25 13:00:00,298903.84090096585,Tue,23,19,16,2023-02-25 15:54:00,39.65901094097332,27132.0,서울특별시,상세주소1333
R01334,2023-02-25 14:00:00,292463.15548188816,Mon,0,10,41,2023-02-25 18:39:00,49.879081856304,21108.0,경기도,상세주소1334
R01335,2023-02-25 15:00:00,195447.38021773414,Tue,10,12,11,2023-02-25 16:44:00,63.01153041291252,11166.0,인천광역시,상세주소1335
R01336,2023-02-25 16:00:00,60663.1928278144,Fri,22,22,47,2023-02-25 17:35:00,74.91972993383578,2914.0,-,상세주소1336
R01337,2023-02-25 17:00:00,204388.2444869561,Thu,20,4,45,2023-02-25 19:34:00,47.022550930218955,15647.0,서울특별시,상세주소1337
R01338,2023-02-25 18:00:00,,Thu,3,18,26,2023-02-25 19:56:00,44.14047306578651,1842.0,서울특별시,상세주소1338
R01339,2023-02-25 19:00:00,10165.098159536014,Mon,6,16,47,2023-02-25 20:10:00,98.25109378863883,372.0,경기도,상세주소1339
R01340,2023-02-25 20:00:00,78047.18366485288,Wed,14,8,7,2023-02-25 23:35:00,54.51947538510444,5153.0,서울특별시,상세주소1340
R01341,2023-02-25 21:00:00,139324.26406505558,Sat,17,4,22,2023-02-26 01:55:00,64.98868608428108,7717.0,서울특별시,상세주소1341
R01342,2023-02-25 22:00:00,260613.47911710577,Mon,11,25,41,2023-02-25 23:11:00,72.9672991279126,12857.0,서울특별시,상세주소1342
R01343,2023-02-25 23:00:00,218423.55186012608,Tue,16,23,48,2023-02-26 01:02:00,24.26227929704158,32409.0,경기도,상세주소1343
R01344,2023-02-26 00:00:00,223069.24983879432,Sat,0,12,28,2023-02-26 03:34:00,59.62946076602989,13467.0,충청남도,상세주소1344
R01345,2023-02-26 01:00:00,128222.50699997453,Wed,10,2,49,2023-02-26 05:04:00,27.085674306526734,17042.0,경기도,상세주소1345
R01346,2023-02-26 02:00:00,104434.56277154191,Tue,0,4,19,2023-02-26 02:46:00,57.38445102465196,6551.0,인천광역시,상세주소1346
R01347,2023-02-26 03:00:00,111940.5901323962,Sun,14,5,15,2023-02-26 07:54:00,87.46247803672978,4607.0,인천광역시,상세주소1347
R01348,2023-02-26 04:00:00,296307.2195570813,Fri,20,3,16,2023-02-26 06:23:00,40.030633465561124,26647.0,서울특별시,상세주소1348
R01349,2023-02-26 05:00:00,12992.648232332262,Tue,9,9,15,2023-02-26 06:17:00,26.671616205043534,1753.0,경기도,상세주소1349
R01350,2023-02-26 06:00:00,260242.41734061213,Fri,6,29,18,2023-02-26 08:06:00,97.75371553733186,9584.0,서울특별시,상세주소1350
R01351,2023-02-26 07:00:00,174023.94716314564,Sat,1,21,7,2023-02-26 09:04:00,37.05885649195656,16905.0,경기도,상세주소1351
R01352,2023-02-26 08:00:00,132146.01033768753,Fri,9,18,37,2023-02-26 09:43:00,30.028420055460188,15842.0,인천광역시,상세주소1352
R01353,2023-02-26 09:00:00,217852.0404641258,Sat,23,11,37,2023-02-26 10:37:00,92.38063138780359,8489.0,경기도,상세주소1353
R01354,2023-02-26 10:00:00,146514.01348598616,Sat,3,3,28,2023-02-26 14:35:00,36.2706015640569,14542.0,경기도,상세주소1354
R01355,2023-02-26 11:00:00,,Sat,11,30,40,2023-02-26 12:46:00,92.89828419457248,10158.0,경기도,상세주소1355
R01356,2023-02-26 12:00:00,270309.8573393663,Sat,18,25,35,2023-02-26 15:57:00,65.48181656341309,14860.0,충청남도,상세주소1356
R01357,2023-02-26 13:00:00,127094.55713516317,Sat,10,23,25,2023-02-26 17:43:00,85.67914153346874,5340.0,서울특별시,상세주소1357
R01358,2023-02-26 14:00:00,83771.51137328042,Tue,7,2,30,2023-02-26 18:10:00,63.721326721905015,4732.0,서울특별시,상세주소1358
R01359,2023-02-26 15:00:00,178112.7482494153,Sat,17,9,43,2023-02-26 19:51:00,81.59404729457515,7858.0,서울특별시,상세주소1359
R01360,2023-02-26 16:00:00,273796.6403393906,Tue,10,14,11,2023-02-26 20:48:00,41.631023548384654,23676.0,충청남도,상세주소1360
R01361,2023-02-26 17:00:00,63987.994512694306,Sat,10,4,16,2023-02-26 18:43:00,47.727944719533326,4826.0,경기도,상세주소1361
R01362,2023-02-26 18:00:00,187267.00848548135,Fri,12,29,14,2023-02-26 20:34:00,17.68977057810693,38110.0,서울특별시,상세주소1362
R01363,2023-02-26 19:00:00,189836.50580766363,Sun,2,9,8,2023-02-26 22:37:00,79.43562955515702,8603.0,서울특별시,상세주소1363
R01364,2023-02-26 20:00:00,220200.793702169,Sat,11,13,38,2023-02-27 00:43:00,68.391386866307,11590.0,경기도,상세주소1364
R01365,2023-02-26 21:00:00,40338.73785305068,Wed,2,18,41,2023-02-27 01:24:00,39.853507493411556,3643.0,경기도,상세주소1365
R01366,2023-02-26 22:00:00,215031.6644399445,Sat,9,15,47,2023-02-27 02:39:00,25.021959033641636,30937.0,경기도,상세주소1366
R01367,2023-02-26 23:00:00,272800.72367902665,Sat,16,28,11,2023-02-27 00:41:00,65.63626297250286,14962.0,경기도,상세주소1367
R01368,2023-02-27 00:00:00,54725.249552202346,Fri,21,10,31,2023-02-27 04:24:00,93.51909069544381,2106.0,경기도,상세주소1368
R01369,2023-02-27 01:00:00,72025.45415223941,Thu,1,16,24,2023-02-27 04:05:00,57.24078154835353,4529.0,경기도,상세주소1369
R01370,2023-02-27 02:00:00,291447.13311845023,Fri,16,12,38,2023-02-27 04:24:00,46.83107922956566,22404.0,서울특별시,상세주소1370
R01371,2023-02-27 03:00:00,55112.10886013744,Wed,15,20,17,2023-02-27 07:17:00,41.25851439704064,4808.0,경기도,상세주소1371
R01372,2023-02-27 04:00:00,256461.14291750416,Thu,1,5,14,2023-02-27 08:34:00,84.98697415532645,10863.0,경기도,상세주소1372
R01373,2023-02-27 05:00:00,148191.0790779624,Mon,21,2,31,2023-02-27 05:43:00,44.41504351179451,12011.0,강원도,상세주소1373
R01374,2023-02-27 06:00:00,74922.09124654994,Mon,19,10,5,2023-02-27 06:45:00,52.57641799964636,5130.0,서울특별시,상세주소1374
R01375,2023-02-27 07:00:00,261354.2204804809,Wed,5,1,43,2023-02-27 08:11:00,80.83469815837559,11639.0,경기도,상세주소1375
R01376,2023-02-27 08:00:00,134146.271245797,Fri,9,7,42,2023-02-27 10:19:00,72.74963209672634,6638.0,서울특별시,상세주소1376
R01377,2023-02-27 09:00:00,154930.38882497736,Tue,9,26,34,2023-02-27 09:48:00,53.341813400266425,10456.0,경기도,상세주소1377
R01378,2023-02-27 10:00:00,108410.77745052995,Wed,7,17,33,2023-02-27 11:35:00,46.0204611750131,8480.0,경기도,상세주소1378
R01379,2023-02-27 11:00:00,178292.3045790433,Sun,0,16,37,2023-02-27 14:16:00,89.31156579490762,7186.0,경기도,상세주소1379
R01380,2023-02-27 12:00:00,49893.63790292181,Thu,12,27,4,2023-02-27 13:42:00,375.06734719986775,478.0,-,상세주소1380
R01381,2023-02-27 13:00:00,117933.37945887646,Thu,23,27,17,2023-02-27 15:21:00,55.79429629745232,7609.0,인천광역시,상세주소1381
R01382,2023-02-27 14:00:00,290854.28437825094,Sat,8,24,15,2023-02-27 15:54:00,29.882470253153976,35039.0,인천광역시,상세주소1382
R01383,2023-02-27 15:00:00,78181.89637763714,Mon,21,3,7,2023-02-27 17:48:00,83.77734355874071,3359.0,-,상세주소1383
R01384,2023-02-27 16:00:00,197364.26269784637,Thu,9,14,24,2023-02-27 17:08:00,50.50228248233988,14068.0,강원도,상세주소1384
R01385,2023-02-27 17:00:00,98231.82920318376,Wed,14,10,31,2023-02-27 19:14:00,46.007484025686885,7686.0,인천광역시,상세주소1385
R01386,2023-02-27 18:00:00,232268.4645802936,Thu,4,22,25,2023-02-27 20:32:00,73.23324930769455,11417.0,서울특별시,상세주소1386
R01387,2023-02-27 19:00:00,40131.2245547866,Wed,21,7,21,2023-02-27 23:07:00,31.489692573957193,4587.0,경기도,상세주소1387
R01388,2023-02-27 20:00:00,290976.49247848487,Tue,15,26,30,2023-02-27 21:30:00,72.70762762437681,14407.0,경기도,상세주소1388
R01389,2023-02-27 21:00:00,136683.07287370812,Sat,12,17,42,2023-02-27 23:09:00,52.789144158649876,,서울특별시,상세주소1389
R01390,2023-02-27 22:00:00,71579.08854059273,Mon,21,30,9,2023-02-28 01:53:00,35.89401570439611,7179.0,서울특별시,상세주소1390
R01391,2023-02-27 23:00:00,22975.527451673785,Thu,19,6,11,2023-02-28 03:47:00,40.19474059476363,2057.0,-,상세주소1391
R01392,2023-02-28 00:00:00,51757.61362117468,Wed,17,23,27,2023-02-28 00:34:00,46.31599800876525,4022.0,서울특별시,상세주소1392
R01393,2023-02-28 01:00:00,156412.41061824927,Fri,10,22,5,2023-02-28 04:46:00,51.119126490725236,11015.0,서울특별시,상세주소1393
R01394,2023-02-28 02:00:00,101763.9497529546,Mon,8,4,19,2023-02-28 05:29:00,36.029478523175726,10168.0,서울특별시,상세주소1394
R01395,2023-02-28 03:00:00,248836.12639890023,Tue,15,17,4,2023-02-28 05:42:00,65.89031979136092,13595.0,경기도,상세주소1395
R01396,2023-02-28 04:00:00,129835.36957487998,Wed,1,27,22,2023-02-28 08:42:00,35.50556032088663,13164.0,서울특별시,상세주소1396
R01397,2023-02-28 05:00:00,75365.56750370134,Sun,1,9,8,2023-02-28 09:54:00,12.697550937234226,21367.0,서울특별시,상세주소1397
R01398,2023-02-28 06:00:00,185526.350994605,Sun,11,4,28,2023-02-28 08:02:00,98.39239257595045,6788.0,서울특별시,상세주소1398
R01399,2023-02-28 07:00:00,212326.3878487483,Sat,7,7,15,2023-02-28 09:59:00,63.958550981979336,11951.0,서울특별시,상세주소1399
R01400,2023-02-28 08:00:00,50945.530462384006,Sat,8,23,45,2023-02-28 10:47:00,100.1898318329115,1830.0,경기도,상세주소1400
R01401,2023-02-28 09:00:00,51118.145670206985,Tue,11,2,21,2023-02-28 12:57:00,39.126812999459,4703.0,서울특별시,상세주소1401
R01402,2023-02-28 10:00:00,11964.756653129349,Tue,8,17,7,2023-02-28 12:34:00,69.59589428575997,618.0,서울특별시,상세주소1402
R01403,2023-02-28 11:00:00,221184.2025046265,Sat,9,24,19,2023-02-28 15:23:00,77.8921739772652,10222.0,서울특별시,상세주소1403
R01404,2023-02-28 12:00:00,199477.55375891973,Thu,1,8,13,2023-02-28 13:30:00,56.21307483653488,12774.0,서울특별시,상세주소1404
R01405,2023-02-28 13:00:00,142914.63184919435,Thu,15,23,38,2023-02-28 17:55:00,31.111000488426384,16537.0,경기도,상세주소1405
R01406,2023-02-28 14:00:00,253406.96424178994,Wed,19,30,36,2023-02-28 16:43:00,54.710377315554105,16674.0,경기도,상세주소1406
R01407,2023-02-28 15:00:00,241895.3757320659,Fri,6,15,49,2023-02-28 17:22:00,72.5279386619248,12006.0,경기도,상세주소1407
R01408,2023-02-28 16:00:00,176020.9549546289,Wed,1,15,33,2023-02-28 19:40:00,71.76440899801398,8829.0,서울특별시,상세주소1408
R01409,2023-02-28 17:00:00,260613.11287346433,Fri,0,8,10,2023-02-28 20:36:00,59.967427750838866,15645.0,서울특별시,상세주소1409
R01410,2023-02-28 18:00:00,62546.52180099371,Tue,18,16,39,2023-02-28 19:58:00,77.94575886343492,2888.0,충청남도,상세주소1410
R01411,2023-02-28 19:00:00,34463.96619992064,Mon,3,19,32,2023-02-28 22:36:00,77.00172242984706,1611.0,경기도,상세주소1411
R01412,2023-02-28 20:00:00,81655.1338435799,Wed,23,11,30,2023-02-28 22:41:00,49.52664799880993,5935.0,경기도,상세주소1412
R01413,2023-02-28 21:00:00,18068.96997070514,Wed,21,2,43,2023-02-28 23:32:00,29.591606902835856,2198.0,서울특별시,상세주소1413
R01414,2023-02-28 22:00:00,159819.68887230856,Fri,1,23,33,2023-02-28 23:17:00,63.80867816021578,9016.0,서울특별시,상세주소1414
R01415,2023-02-28 23:00:00,281045.10199619347,Tue,13,24,49,2023-03-01 02:28:00,45.06724867959186,22450.0,서울특별시,상세주소1415
R01416,2023-03-01 00:00:00,12763.718659884384,Tue,1,17,6,2023-03-01 03:29:00,62.874972017985804,730.0,충청남도,상세주소1416
R01417,2023-03-01 01:00:00,37510.86428899801,Sun,14,28,48,2023-03-01 03:08:00,86.91059707103798,1553.0,충청남도,상세주소1417
R01418,2023-03-01 02:00:00,136207.50945674715,Fri,11,26,22,2023-03-01 03:03:00,68.74984031742196,7132.0,경기도,상세주소1418
R01419,2023-03-01 03:00:00,280228.6302408436,Tue,4,16,45,2023-03-01 04:39:00,85.92511418443459,11740.0,강원도,상세주소1419
R01420,2023-03-01 04:00:00,95530.6753880484,Sat,19,25,6,2023-03-01 07:20:00,39.77040397966859,8647.0,경기도,상세주소1420
R01421,2023-03-01 05:00:00,152663.20779782935,Thu,6,15,24,2023-03-01 06:28:00,81.74911477361384,6722.0,서울특별시,상세주소1421
R01422,2023-03-01 06:00:00,13430.284856067237,Sun,23,13,2,2023-03-01 09:30:00,93.53195863303333,516.0,서울특별시,상세주소1422
R01423,2023-03-01 07:00:00,45354.61708766457,Sat,20,15,37,2023-03-01 07:48:00,61.286440134160515,2664.0,서울특별시,상세주소1423
R01424,2023-03-01 08:00:00,296002.40676469525,Mon,9,27,19,2023-03-01 12:15:00,106.44106787395378,10011.0,경기도,상세주소1424
R01425,2023-03-01 09:00:00,289570.4902343776,Wed,13,4,33,2023-03-01 11:04:00,42.851375765427896,24327.0,경기도,상세주소1425
R01426,2023-03-01 10:00:00,2477.054299388475,Sun,13,16,48,2023-03-01 11:50:00,47.22332260481096,188.0,서울특별시,상세주소1426
R01427,2023-03-01 11:00:00,285591.72384154843,Mon,4,30,43,2023-03-01 14:24:00,72.99871100856937,14084.0,경기도,상세주소1427
R01428,2023-03-01 12:00:00,192096.86140683462,Wed,17,12,43,2023-03-01 16:11:00,61.08931089660377,11320.0,경기도,상세주소1428
R01429,2023-03-01 13:00:00,260507.57006148662,Thu,23,30,29,2023-03-01 15:12:00,45.141853344375434,20775.0,서울특별시,상세주소1429
R01430,2023-03-01 14:00:00,136967.21683452386,Tue,13,4,16,2023-03-01 15:23:00,72.38208153231535,6812.0,서울특별시,상세주소1430
R01431,2023-03-01 15:00:00,155163.21254519583,Sat,1,3,9,2023-03-01 18:32:00,67.11083026664787,8323.0,서울특별시,상세주소1431
R01432,2023-03-01 16:00:00,147165.12749681913,Fri,11,22,34,2023-03-01 17:37:00,48.274466469355026,10974.0,경기도,상세주소1432
R01433,2023-03-01 17:00:00,200392.4130062852,Sat,21,17,19,2023-03-01 17:57:00,63.78103252088745,11310.0,충청남도,상세주소1433
R01434,2023-03-01 18:00:00,42755.72517213756,Thu,23,22,17,2023-03-01 20:28:00,75.18051041261852,2047.0,경기도,상세주소1434
R01435,2023-03-01 19:00:00,9962.103371930707,Mon,5,18,44,2023-03-01 21:43:00,47.83082427002976,749.0,충청남도,상세주소1435
R01436,2023-03-01 20:00:00,93071.05253576608,Fri,3,25,43,2023-03-01 22:38:00,70.33991619281775,4763.0,서울특별시,상세주소1436
R01437,2023-03-01 21:00:00,211699.54805825735,Tue,12,18,26,2023-03-01 21:37:00,42.65913544957306,17865.0,서울특별시,상세주소1437
R01438,2023-03-01 22:00:00,61354.18218476156,Thu,3,23,48,2023-03-01 23:20:00,46.52351238050306,4747.0,충청남도,상세주소1438
R01439,2023-03-01 23:00:00,202356.29756415027,Fri,21,28,35,2023-03-02 02:24:00,82.23174626440554,8858.0,경기도,상세주소1439
R01440,2023-03-02 00:00:00,291003.70178607386,Thu,13,17,22,2023-03-02 03:32:00,72.27492586212861,14494.0,경기도,상세주소1440
R01441,2023-03-02 01:00:00,29076.314021036098,Thu,15,12,31,2023-03-02 04:41:00,22.26324983784552,4701.0,서울특별시,상세주소1441
R01442,2023-03-02 02:00:00,202108.03334931275,Tue,3,23,9,2023-03-02 06:38:00,52.51550749914932,13854.0,경기도,상세주소1442
R01443,2023-03-02 03:00:00,133681.3155720668,Sun,23,21,10,2023-03-02 07:24:00,69.7939354918632,6895.0,서울특별시,상세주소1443
R01444,2023-03-02 04:00:00,260574.5340588741,Wed,0,24,37,2023-03-02 05:52:00,62.777312343766766,14942.0,경기도,상세주소1444
R01445,2023-03-02 05:00:00,53967.78704476839,Fri,12,4,5,2023-03-02 07:02:00,72.36408490367904,2684.0,충청남도,상세주소1445
R01446,2023-03-02 06:00:00,208095.1597156232,Tue,3,12,40,2023-03-02 10:57:00,62.31963319564593,12020.0,서울특별시,상세주소1446
R01447,2023-03-02 07:00:00,251596.47160478495,Thu,19,26,46,2023-03-02 09:29:00,57.34804653041334,15793.0,경기도,상세주소1447
R01448,2023-03-02 08:00:00,283439.6516227329,Tue,17,23,33,2023-03-02 09:40:00,56.736757283255166,17984.0,충청남도,상세주소1448
R01449,2023-03-02 09:00:00,205291.1604586041,Sun,5,22,35,2023-03-02 09:46:00,81.82358627189072,9032.0,경기도,상세주소1449
R01450,2023-03-02 10:00:00,149655.25443851977,Wed,2,21,36,2023-03-02 14:42:00,73.89879172861247,7290.0,경기도,상세주소1450
R01451,2023-03-02 11:00:00,185736.32482016293,Sat,22,20,16,2023-03-02 13:31:00,68.09487607490924,9819.0,경기도,상세주소1451
R01452,2023-03-02 12:00:00,260802.59035913675,Fri,12,15,39,2023-03-02 12:39:00,61.776661978015554,15198.0,서울특별시,상세주소1452
R01453,2023-03-02 13:00:00,171612.3142450101,Wed,15,23,39,2023-03-02 16:59:00,49.02362617239563,12602.0,서울특별시,상세주소1453
R01454,2023-03-02 14:00:00,10085.73084935422,Mon,4,28,11,2023-03-02 18:07:00,53.86492671676922,674.0,서울특별시,상세주소1454
R01455,2023-03-02 15:00:00,279353.6599565864,Fri,3,16,20,2023-03-02 19:30:00,81.29342248873755,12370.0,경기도,상세주소1455
R01456,2023-03-02 16:00:00,207168.49855843678,Wed,20,5,39,2023-03-02 19:49:00,79.41004989072432,9391.0,-,상세주소1456
R01457,2023-03-02 17:00:00,203277.50234739672,Thu,7,21,18,2023-03-02 21:05:00,47.02855140609133,15560.0,인천광역시,상세주소1457
R01458,2023-03-02 18:00:00,65486.87056691744,Fri,18,15,2,2023-03-02 21:54:00,61.99839695449802,3802.0,경기도,상세주소1458
R01459,2023-03-02 19:00:00,198006.7555995645,Fri,13,17,17,2023-03-02 23:05:00,69.9693464522813,10187.0,인천광역시,상세주소1459
R01460,2023-03-02 20:00:00,118765.45729059339,Tue,6,18,18,2023-03-02 21:49:00,68.66368822813327,6226.0,서울특별시,상세주소1460
R01461,2023-03-02 21:00:00,195718.66013540613,Thu,13,5,46,2023-03-03 01:56:00,68.50965366126863,10284.0,경기도,상세주소1461
R01462,2023-03-02 22:00:00,32871.31606208923,Mon,5,13,5,2023-03-02 23:04:00,37.75850363246528,3134.0,경기도,상세주소1462
R01463,2023-03-02 23:00:00,197695.74607630778,Sat,11,19,15,2023-03-02 23:47:00,36.57031822904379,19461.0,경기도,상세주소1463
R01464,2023-03-03 00:00:00,299824.7040054293,Sun,15,30,7,2023-03-03 03:14:00,83.40389486722626,12941.0,충청남도,상세주소1464
R01465,2023-03-03 01:00:00,15415.399619306252,Wed,16,13,47,2023-03-03 01:42:00,90.18050397783709,,서울특별시,상세주소1465
R01466,2023-03-03 02:00:00,293175.08108217386,Tue,12,18,17,2023-03-03 05:51:00,30.369577219130864,34752.0,경기도,상세주소1466
R01467,2023-03-03 03:00:00,122665.48025613831,Wed,22,14,47,2023-03-03 07:18:00,59.44479726710673,7428.0,경기도,상세주소1467
R01468,2023-03-03 04:00:00,261355.28165084048,Mon,13,30,42,2023-03-03 04:30:00,76.28101594666644,12334.0,서울특별시,상세주소1468
R01469,2023-03-03 05:00:00,234933.25973342377,Mon,6,4,38,2023-03-03 09:06:00,15.924429924805104,53110.0,서울특별시,상세주소1469
R01470,2023-03-03 06:00:00,170537.86203501368,Fri,13,4,48,2023-03-03 07:03:00,38.533242838419106,15932.0,인천광역시,상세주소1470
R01471,2023-03-03 07:00:00,221796.31356614662,Sun,14,20,48,2023-03-03 11:55:00,58.1560595574574,13729.0,-,상세주소1471
R01472,2023-03-03 08:00:00,263676.152829103,Mon,11,20,11,2023-03-03 10:37:00,48.05522687883568,19752.0,서울특별시,상세주소1472
R01473,2023-03-03 09:00:00,121837.95617365887,Wed,16,19,44,2023-03-03 13:01:00,64.18287002291098,6833.0,서울특별시,상세주소1473
R01474,2023-03-03 10:00:00,98782.91530740837,Thu,8,13,9,2023-03-03 14:52:00,89.40964055367377,3977.0,경기도,상세주소1474
R01475,2023-03-03 11:00:00,200610.42228351184,Thu,21,12,6,2023-03-03 12:49:00,42.944047449735336,16817.0,충청남도,상세주소1475
R01476,2023-03-03 12:00:00,242545.93664043632,Fri,14,7,45,2023-03-03 15:14:00,61.00545782630749,14312.0,경기도,상세주소1476
R01477,2023-03-03 13:00:00,228923.2552982081,Sat,11,25,0,2023-03-03 17:41:00,53.10407754011634,15519.0,경기도,상세주소1477
R01478,2023-03-03 14:00:00,239546.28100873172,Wed,1,12,48,2023-03-03 14:41:00,62.727306161462785,13747.0,인천광역시,상세주소1478
R01479,2023-03-03 15:00:00,131239.41112906695,Wed,4,21,35,2023-03-03 19:01:00,60.11600238232188,7859.0,경기도,상세주소1479
R01480,2023-03-03 16:00:00,245532.43063633147,Mon,12,4,20,2023-03-03 18:21:00,112.74396398265085,7840.0,경기도,상세주소1480
R01481,2023-03-03 17:00:00,36942.50755581192,Sun,19,27,36,2023-03-03 21:00:00,89.79154917695159,1481.0,서울특별시,상세주소1481
R01482,2023-03-03 18:00:00,163802.24029029402,Wed,22,2,23,2023-03-03 22:28:00,28.381289587255367,20777.0,경기도,상세주소1482
R01483,2023-03-03 19:00:00,2721.83948893835,Tue,7,2,24,2023-03-03 23:57:00,41.99730474054983,233.0,경기도,상세주소1483
R01484,2023-03-03 20:00:00,98051.16314018081,Sat,13,5,6,2023-03-03 21:27:00,44.44285483582772,7942.0,서울특별시,상세주소1484
R01485,2023-03-03 21:00:00,110571.99892654797,Mon,14,23,41,2023-03-03 22:03:00,35.314490317443976,11271.0,서울특별시,상세주소1485
R01486,2023-03-03 22:00:00,119455.63479116737,Tue,10,10,16,2023-03-04 02:52:00,32.63274038421731,13178.0,경기도,상세주소1486
R01487,2023-03-03 23:00:00,208944.6948002688,Fri,0,10,28,2023-03-04 00:04:00,56.432671506104356,13329.0,강원도,상세주소1487
R01488,2023-03-04 00:00:00,117178.87227983338,Thu,20,9,29,2023-03-04 04:16:00,45.206248719767174,9331.0,경기도,상세주소1488
R01489,2023-03-04 01:00:00,135159.39316413665,Fri,2,13,6,2023-03-04 01:54:00,42.184126670680705,11534.0,인천광역시,상세주소1489
R01490,2023-03-04 02:00:00,72025.69513142391,Thu,16,7,32,2023-03-04 06:23:00,100.40947954185593,2582.0,경기도,상세주소1490
R01491,2023-03-04 03:00:00,112602.28569717269,Fri,18,5,6,2023-03-04 04:28:00,46.58244758480639,8702.0,서울특별시,상세주소1491
R01492,2023-03-04 04:00:00,68953.61855168229,Wed,13,26,23,2023-03-04 08:40:00,51.13664544373598,4854.0,경기도,상세주소1492
R01493,2023-03-04 05:00:00,22885.581206764648,Tue,21,10,10,2023-03-04 06:55:00,74.8291297398523,1101.0,경기도,상세주소1493
R01494,2023-03-04 06:00:00,181431.129421032,Thu,22,10,8,2023-03-04 10:40:00,51.069430558511726,12789.0,경기도,상세주소1494
R01495,2023-03-04 07:00:00,200795.62676794987,Mon,7,6,11,2023-03-04 10:29:00,36.68652979096594,19703.0,서울특별시,상세주소1495
R01496,2023-03-04 08:00:00,186227.61345687474,Tue,12,27,34,2023-03-04 11:56:00,54.841205922965386,12224.0,서울특별시,상세주소1496
R01497,2023-03-04 09:00:00,139584.71909637115,Mon,19,28,3,2023-03-04 11:58:00,100.17466845792205,5016.0,경기도,상세주소1497
R01498,2023-03-04 10:00:00,114555.94827358972,Tue,2,19,35,2023-03-04 11:40:00,50.37115819470151,8187.0,-,상세주소1498
R01499,2023-03-04 11:00:00,259136.76122197576,Tue,4,21,27,2023-03-04 13:30:00,41.764665283403005,22336.0,경기도,상세주소1499
R01500,2023-03-04 12:00:00,156205.4537557292,Fri,8,8,12,2023-03-04 16:42:00,68.40460661698043,8220.0,서울특별시,상세주소1500
R01501,2023-03-04 13:00:00,144275.38141128956,Thu,5,1,22,2023-03-04 15:02:00,53.88171024680058,9639.0,경기도,상세주소1501
R01502,2023-03-04 14:00:00,8666.977676124272,Thu,21,28,18,2023-03-04 18:45:00,114.77988255346091,271.0,서울특별시,상세주소1502
R01503,2023-03-04 15:00:00,103033.10046022075,Sun,1,17,41,2023-03-04 19:43:00,44.262060965467995,8380.0,인천광역시,상세주소1503
R01504,2023-03-04 16:00:00,114678.49001697126,Tue,12,7,36,2023-03-04 17:28:00,94.674614404201,4360.0,서울특별시,상세주소1504
R01505,2023-03-04 17:00:00,120248.01148817324,Wed,4,14,38,2023-03-04 18:38:00,83.2677909977809,5198.0,경기도,상세주소1505
R01506,2023-03-04 18:00:00,174471.53839897236,Wed,7,21,23,2023-03-04 19:55:00,52.373093937562125,11992.0,경기도,상세주소1506
R01507,2023-03-04 19:00:00,160547.16147133667,Mon,22,30,15,2023-03-04 23:16:00,59.92969410687206,9644.0,인천광역시,상세주소1507
R01508,2023-03-04 20:00:00,182763.62274523993,Mon,0,21,32,2023-03-04 21:50:00,39.40240282910976,16698.0,경기도,상세주소1508
R01509,2023-03-04 21:00:00,229700.09520109635,Fri,19,17,11,2023-03-04 23:23:00,49.23116940753975,16796.0,경기도,상세주소1509
R01510,2023-03-04 22:00:00,244082.73587611195,Tue,11,9,33,2023-03-05 01:33:00,52.23108340795331,16823.0,경기도,상세주소1510
R01511,2023-03-04 23:00:00,215718.79979172183,Mon,22,17,6,2023-03-05 00:23:00,63.157070620209126,12296.0,경기도,상세주소1511
R01512,2023-03-05 00:00:00,,Mon,10,5,10,2023-03-05 03:46:00,31.746397480518745,32511.0,경기도,상세주소1512
R01513,2023-03-05 01:00:00,6451.542220232128,Sat,6,26,30,2023-03-05 04:29:00,66.22969340672584,350.0,충청남도,상세주소1513
R01514,2023-03-05 02:00:00,59537.61771938028,Tue,14,25,28,2023-03-05 06:11:00,57.08263157406704,3754.0,인천광역시,상세주소1514
R01515,2023-03-05 03:00:00,3261.299618464494,Fri,21,30,12,2023-03-05 07:33:00,67.96215602025666,172.0,서울특별시,상세주소1515
R01516,2023-03-05 04:00:00,194594.9395322263,Mon,23,20,30,2023-03-05 07:03:00,70.94613284488717,9874.0,경기도,상세주소1516
R01517,2023-03-05 05:00:00,269511.1341360461,Fri,10,29,1,2023-03-05 07:44:00,55.4812911228843,17487.0,서울특별시,상세주소1517
R01518,2023-03-05 06:00:00,73801.20667631348,Thu,21,8,38,2023-03-05 06:37:00,69.76395553782572,3808.0,서울특별시,상세주소1518
R01519,2023-03-05 07:00:00,278183.32889409567,Fri,15,6,14,2023-03-05 09:37:00,58.256476771481374,17190.0,서울특별시,상세주소1519
R01520,2023-03-05 08:00:00,19019.949696578693,Wed,2,11,10,2023-03-05 09:25:00,74.86945978856131,914.0,경기도,상세주소1520
R01521,2023-03-05 09:00:00,280396.37201484875,Wed,19,19,33,2023-03-05 11:35:00,66.32251632719448,15219.0,-,상세주소1521
R01522,2023-03-05 10:00:00,106135.18348465068,Fri,13,4,38,2023-03-05 13:08:00,63.62083002292083,6005.0,서울특별시,상세주소1522
R01523,2023-03-05 11:00:00,31324.827706315737,Wed,2,18,3,2023-03-05 12:28:00,57.95108047731868,1945.0,강원도,상세주소1523
R01524,2023-03-05 12:00:00,146275.65599671137,Thu,0,1,10,2023-03-05 13:27:00,85.91631825900025,6129.0,경기도,상세주소1524
R01525,2023-03-05 13:00:00,77776.19374843188,Tue,20,13,28,2023-03-05 15:49:00,68.10370458590046,4111.0,경기도,상세주소1525
R01526,2023-03-05 14:00:00,86176.99768661492,Wed,14,14,1,2023-03-05 17:25:00,33.57075054002802,9241.0,경기도,상세주소1526
R01527,2023-03-05 15:00:00,92879.69951295969,Wed,0,24,15,2023-03-05 17:17:00,50.560984614722386,6613.0,인천광역시,상세주소1527
R01528,2023-03-05 16:00:00,241104.74345196635,Fri,16,1,38,2023-03-05 20:00:00,55.42830383346328,15659.0,경기도,상세주소1528
R01529,2023-03-05 17:00:00,162209.2217259011,Thu,1,30,12,2023-03-05 18:43:00,59.97753679388388,9736.0,충청남도,상세주소1529
R01530,2023-03-05 18:00:00,94081.00204764509,Sun,19,29,36,2023-03-05 21:16:00,63.53414702453014,5330.0,충청남도,상세주소1530
R01531,2023-03-05 19:00:00,183489.8012099646,Sun,5,11,16,2023-03-05 23:22:00,41.11566571446377,16065.0,서울특별시,상세주소1531
R01532,2023-03-05 20:00:00,215129.05159273488,Sun,7,17,20,2023-03-05 23:31:00,58.6400427917015,13207.0,서울특별시,상세주소1532
R01533,2023-03-05 21:00:00,82514.5762193266,Sun,15,4,43,2023-03-05 23:31:00,53.7175730549026,5529.0,인천광역시,상세주소1533
R01534,2023-03-05 22:00:00,124651.18135608011,Tue,18,26,18,2023-03-06 01:52:00,81.6948848550792,5492.0,서울특별시,상세주소1534
R01535,2023-03-05 23:00:00,37443.94190774732,Fri,0,12,6,2023-03-05 23:58:00,40.098433813574474,3361.0,경기도,상세주소1535
R01536,2023-03-06 00:00:00,55163.655510869416,Fri,2,10,37,2023-03-06 03:51:00,59.652427999836675,3329.0,서울특별시,상세주소1536
R01537,2023-03-06 01:00:00,204654.23833552987,Sat,2,6,7,2023-03-06 03:02:00,46.292297753190795,15915.0,충청남도,상세주소1537
R01538,2023-03-06 02:00:00,55250.065960992455,Thu,4,25,12,2023-03-06 05:25:00,97.25991831039586,2045.0,경기도,상세주소1538
R01539,2023-03-06 03:00:00,158023.851716451,Sun,11,1,36,2023-03-06 07:00:00,85.13227205306961,6682.0,강원도,상세주소1539
R01540,2023-03-06 04:00:00,213004.83225500738,Tue,11,7,1,2023-03-06 07:33:00,27.15284169218804,28240.0,경기도,상세주소1540
R01541,2023-03-06 05:00:00,32956.20000532841,Thu,19,26,40,2023-03-06 07:04:00,44.07572629828525,2691.0,경기도,상세주소1541
R01542,2023-03-06 06:00:00,170626.35366904215,Sun,12,27,10,2023-03-06 08:46:00,77.41846584135439,7934.0,경기도,상세주소1542
R01543,2023-03-06 07:00:00,77712.27232670777,Tue,19,21,23,2023-03-06 11:26:00,69.14566096086403,4046.0,경기도,상세주소1543
R01544,2023-03-06 08:00:00,288915.13569603633,Thu,8,28,5,2023-03-06 12:54:00,68.51863565292628,15179.0,충청남도,상세주소1544
R01545,2023-03-06 09:00:00,145580.14836925748,Fri,6,16,25,2023-03-06 11:44:00,63.817054115191794,8212.0,강원도,상세주소1545
R01546,2023-03-06 10:00:00,241991.77238277227,Fri,3,24,6,2023-03-06 12:53:00,79.02399770135827,11024.0,인천광역시,상세주소1546
R01547,2023-03-06 11:00:00,165517.73610472228,Mon,18,14,38,2023-03-06 11:48:00,75.61953208794918,7879.0,-,상세주소1547
R01548,2023-03-06 12:00:00,13980.34732359093,Wed,21,23,18,2023-03-06 16:20:00,54.18887720560999,928.0,경기도,상세주소1548
R01549,2023-03-06 13:00:00,190312.2613026127,Sun,18,20,5,2023-03-06 15:43:00,36.01483000146146,19023.0,경기도,상세주소1549
R01550,2023-03-06 14:00:00,285469.59931979043,Sat,5,20,42,2023-03-06 16:23:00,26.198694776137053,39226.0,서울특별시,상세주소1550
R01551,2023-03-06 15:00:00,180881.93422375302,Thu,12,6,28,2023-03-06 17:48:00,57.927225495257986,11241.0,충청남도,상세주소1551
R01552,2023-03-06 16:00:00,245937.46896861028,Sat,10,22,42,2023-03-06 18:34:00,23.20196671512479,38159.0,경기도,상세주소1552
R01553,2023-03-06 17:00:00,265377.73254117393,Mon,12,25,38,2023-03-06 20:53:00,65.01993447350819,14693.0,-,상세주소1553
R01554,2023-03-06 18:00:00,69195.8518127308,Wed,12,28,1,2023-03-06 19:30:00,53.8393692376518,4626.0,서울특별시,상세주소1554
R01555,2023-03-06 19:00:00,64401.40713255977,Thu,21,5,18,2023-03-06 23:39:00,98.87822072922877,2344.0,-,상세주소1555
R01556,2023-03-06 20:00:00,183683.31566644652,Tue,19,24,3,2023-03-06 20:42:00,66.86258544984614,9889.0,경기도,상세주소1556
R01557,2023-03-06 21:00:00,123897.5124722047,Sun,14,21,5,2023-03-07 01:44:00,59.41549640875363,7506.0,서울특별시,상세주소1557
R01558,2023-03-06 22:00:00,,Wed,20,18,48,2023-03-06 23:54:00,27.67660560539342,32794.0,인천광역시,상세주소1558
R01559,2023-03-06 23:00:00,270106.9138960053,Fri,12,15,36,2023-03-06 23:49:00,34.753578293679915,27979.0,인천광역시,상세주소1559
R01560,2023-03-07 00:00:00,106672.99241151272,Mon,21,6,27,2023-03-07 01:19:00,73.62708284532539,5215.0,경기도,상세주소1560
R01561,2023-03-07 01:00:00,71824.29713337014,Wed,10,25,29,2023-03-07 04:13:00,53.73806678021867,4811.0,강원도,상세주소1561
R01562,2023-03-07 02:00:00,234377.1290579147,Sun,18,29,6,2023-03-07 04:01:00,110.70751496079001,7621.0,충청남도,상세주소1562
R01563,2023-03-07 03:00:00,83167.0046288927,Wed,7,19,8,2023-03-07 04:57:00,58.338974103294774,5132.0,경기도,상세주소1563
R01564,2023-03-07 04:00:00,246961.68123558984,Sun,19,1,24,2023-03-07 05:38:00,63.378445602775074,14027.0,경기도,상세주소1564
R01565,2023-03-07 05:00:00,127697.73784098009,Fri,7,1,32,2023-03-07 06:06:00,33.66206037044144,13656.0,서울특별시,상세주소1565
R01566,2023-03-07 06:00:00,200597.41988814966,Thu,9,13,0,2023-03-07 10:42:00,78.94863131030631,9147.0,서울특별시,상세주소1566
R01567,2023-03-07 07:00:00,29565.058836565786,Tue,15,3,5,2023-03-07 11:41:00,41.48558225168446,2565.0,인천광역시,상세주소1567
R01568,2023-03-07 08:00:00,187533.93807829532,Fri,18,10,17,2023-03-07 10:49:00,70.48824163821375,9577.0,경기도,상세주소1568
R01569,2023-03-07 09:00:00,136078.5359424315,Tue,22,21,9,2023-03-07 12:17:00,76.23586628341258,6425.0,서울특별시,상세주소1569
R01570,2023-03-07 10:00:00,176395.93048946676,Thu,10,3,27,2023-03-07 11:23:00,61.90386518136052,10258.0,서울특별시,상세주소1570
R01571,2023-03-07 11:00:00,51236.24811571416,Wed,12,9,10,2023-03-07 14:27:00,95.13941871274606,1938.0,경기도,상세주소1571
R01572,2023-03-07 12:00:00,221325.24973831046,Tue,8,8,32,2023-03-07 14:15:00,47.78593856699501,16673.0,서울특별시,상세주소1572
R01573,2023-03-07 13:00:00,258976.32618542534,Mon,19,3,0,2023-03-07 15:46:00,93.51080426243097,9970.0,경기도,상세주소1573
R01574,2023-03-07 14:00:00,65805.20022714192,Mon,23,25,12,2023-03-07 17:39:00,34.58107962800196,6850.0,경기도,상세주소1574
R01575,2023-03-07 15:00:00,29618.652100528358,Sun,18,13,36,2023-03-07 17:37:00,75.98056983759272,1403.0,서울특별시,상세주소1575
R01576,2023-03-07 16:00:00,8067.9372278545825,Fri,15,6,19,2023-03-07 17:16:00,57.151730374170874,508.0,-,상세주소1576
R01577,2023-03-07 17:00:00,192949.47863253654,Thu,6,13,0,2023-03-07 17:34:00,45.83734817773464,15153.0,경기도,상세주소1577
R01578,2023-03-07 18:00:00,182521.11679054543,Sun,18,23,2,2023-03-07 22:46:00,26.774425025359676,24541.0,경기도,상세주소1578
R01579,2023-03-07 19:00:00,164462.52640150694,Fri,11,20,17,2023-03-07 21:59:00,54.78661712166375,10806.0,경기도,상세주소1579
R01580,2023-03-07 20:00:00,70352.18173867665,Fri,14,20,40,2023-03-08 00:32:00,53.523698396385896,4731.0,경기도,상세주소1580
R01581,2023-03-07 21:00:00,117880.89277574889,Sun,22,12,13,2023-03-08 00:57:00,63.45812445908916,6687.0,서울특별시,상세주소1581
R01582,2023-03-07 22:00:00,178748.42422066574,Sat,13,13,30,2023-03-08 00:24:00,74.49629952621478,8637.0,인천광역시,상세주소1582
R01583,2023-03-07 23:00:00,149533.29079889166,Fri,10,2,26,2023-03-08 02:44:00,43.8306765378931,12281.0,경기도,상세주소1583
R01584,2023-03-08 00:00:00,296347.8705442513,Sat,9,21,16,2023-03-08 03:19:00,95.165353623412,11210.0,-,상세주소1584
R01585,2023-03-08 01:00:00,41795.486014463204,Mon,10,24,45,2023-03-08 02:51:00,49.22930575388764,3056.0,경기도,상세주소1585
R01586,2023-03-08 02:00:00,208848.22166023054,Mon,5,23,28,2023-03-08 05:03:00,72.043879580548,10436.0,충청남도,상세주소1586
R01587,2023-03-08 03:00:00,121891.31166318334,Fri,1,16,35,2023-03-08 05:50:00,61.80334766526567,7100.0,충청남도,상세주소1587
R01588,2023-03-08 04:00:00,129031.68486275882,Mon,10,23,36,2023-03-08 06:55:00,56.02580572688836,8291.0,서울특별시,상세주소1588
R01589,2023-03-08 05:00:00,215561.7319317947,Thu,18,6,25,2023-03-08 07:31:00,60.801143645300634,12763.0,경기도,상세주소1589
R01590,2023-03-08 06:00:00,208038.40924598652,Sat,5,19,16,2023-03-08 10:41:00,41.19424963658791,18180.0,서울특별시,상세주소1590
R01591,2023-03-08 07:00:00,297385.5421169543,Sat,13,21,21,2023-03-08 08:58:00,52.248677348551375,20490.0,서울특별시,상세주소1591
R01592,2023-03-08 08:00:00,39389.89254678344,Fri,19,13,24,2023-03-08 09:27:00,33.20489493407701,4270.0,충청남도,상세주소1592
R01593,2023-03-08 09:00:00,32128.785165865735,Mon,5,17,1,2023-03-08 10:32:00,49.01459327759461,2359.0,서울특별시,상세주소1593
R01594,2023-03-08 10:00:00,217577.3063214936,Tue,16,23,21,2023-03-08 11:41:00,50.666661459641226,15459.0,서울특별시,상세주소1594
R01595,2023-03-08 11:00:00,173937.68818491633,Sun,9,9,4,2023-03-08 11:38:00,76.90442725542687,8142.0,충청남도,상세주소1595
R01596,2023-03-08 12:00:00,82974.03930138196,Sun,0,17,3,2023-03-08 14:03:00,53.361496133058886,5597.0,-,상세주소1596
R01597,2023-03-08 13:00:00,24746.391327706995,Sat,2,29,35,2023-03-08 16:01:00,51.03836752525255,1745.0,서울특별시,상세주소1597
R01598,2023-03-08 14:00:00,26611.81662933273,Fri,7,2,5,2023-03-08 15:09:00,64.40080333308079,1487.0,충청남도,상세주소1598
R01599,2023-03-08 15:00:00,268363.0715245714,Fri,7,19,20,2023-03-08 16:31:00,63.61705218645126,15186.0,서울특별시,상세주소1599
R01600,2023-03-08 16:00:00,58368.33009090413,Thu,19,19,12,2023-03-08 20:43:00,48.1791865737009,4361.0,서울특별시,상세주소1600
R01601,2023-03-08 17:00:00,97688.09707254071,Wed,21,24,36,2023-03-08 18:38:00,67.88456785037596,5180.0,서울특별시,상세주소1601
R01602,2023-03-08 18:00:00,68770.26426586942,Wed,14,7,24,2023-03-08 22:34:00,56.427056046438906,4387.0,인천광역시,상세주소1602
R01603,2023-03-08 19:00:00,107143.89544374925,Sat,23,22,25,2023-03-08 22:19:00,48.14673398689987,8011.0,경기도,상세주소1603
R01604,2023-03-08 20:00:00,21757.728981081917,Sun,6,10,38,2023-03-08 23:27:00,50.09042338122012,1563.0,서울특별시,상세주소1604
R01605,2023-03-08 21:00:00,156198.87748157285,Thu,10,10,19,2023-03-09 00:38:00,78.98701378703886,7119.0,서울특별시,상세주소1605
R01606,2023-03-08 22:00:00,21216.156514072256,Thu,6,27,32,2023-03-09 02:49:00,50.69144013480884,1506.0,경기도,상세주소1606
R01607,2023-03-08 23:00:00,240306.5958388861,Thu,3,20,13,2023-03-09 00:41:00,65.22250673012286,13263.0,경기도,상세주소1607
R01608,2023-03-09 00:00:00,70879.91249121947,Sat,11,9,35,2023-03-09 00:46:00,34.351994712390734,7428.0,인천광역시,상세주소1608
R01609,2023-03-09 01:00:00,162463.56246674867,Wed,5,17,16,2023-03-09 02:26:00,82.3060999678452,7106.0,서울특별시,상세주소1609
R01610,2023-03-09 02:00:00,264143.647180876,Sun,13,27,20,2023-03-09 06:07:00,48.34011451683018,19671.0,경기도,상세주소1610
R01611,2023-03-09 03:00:00,195612.33334511105,Thu,11,15,45,2023-03-09 05:16:00,68.00578993487774,10355.0,충청남도,상세주소1611
R01612,2023-03-09 04:00:00,160354.37817884926,Sun,10,2,15,2023-03-09 07:22:00,54.968637439938064,10501.0,충청남도,상세주소1612
R01613,2023-03-09 05:00:00,97975.79218149731,Mon,18,30,45,2023-03-09 09:08:00,67.77668315584917,5204.0,서울특별시,상세주소1613
R01614,2023-03-09 06:00:00,100567.57200440118,Fri,20,4,15,2023-03-09 10:36:00,68.86880440729385,5256.0,경기도,상세주소1614
R01615,2023-03-09 07:00:00,201176.59960425884,Fri,4,19,19,2023-03-09 11:07:00,57.106734795797905,12682.0,강원도,상세주소1615
R01616,2023-03-09 08:00:00,298247.6690051291,Sun,13,17,28,2023-03-09 09:00:00,22.680709034114614,47339.0,충청남도,상세주소1616
R01617,2023-03-09 09:00:00,198889.9177649642,Tue,20,5,27,2023-03-09 10:16:00,81.82030218816482,8750.0,경기도,상세주소1617
R01618,2023-03-09 10:00:00,167777.24179363745,Tue,23,7,7,2023-03-09 12:43:00,57.201946753983286,10559.0,경기도,상세주소1618
R01619,2023-03-09 11:00:00,219464.50256153458,Sat,15,18,23,2023-03-09 13:17:00,67.36012014348132,11729.0,서울특별시,상세주소1619
R01620,2023-03-09 12:00:00,140096.47807283173,Sat,12,21,2,2023-03-09 13:41:00,73.83437379816537,6830.0,서울특별시,상세주소1620
R01621,2023-03-09 13:00:00,18982.56043763478,Fri,21,22,24,2023-03-09 15:17:00,50.85651705713941,1343.0,경기도,상세주소1621
R01622,2023-03-09 14:00:00,169126.74794749502,Mon,21,27,18,2023-03-09 17:20:00,70.34270913208924,8655.0,서울특별시,상세주소1622
R01623,2023-03-09 15:00:00,287329.9600671087,Wed,19,7,32,2023-03-09 17:25:00,45.047958117515186,22961.0,서울특별시,상세주소1623
R01624,2023-03-09 16:00:00,53415.57976494023,Wed,21,17,1,2023-03-09 17:43:00,67.75085712957096,2838.0,충청남도,상세주소1624
R01625,2023-03-09 17:00:00,207311.46235537904,Sat,3,7,14,2023-03-09 21:45:00,60.39405526955742,12357.0,서울특별시,상세주소1625
R01626,2023-03-09 18:00:00,61079.17290905789,Mon,10,4,21,2023-03-09 19:50:00,51.55009712999087,4265.0,서울특별시,상세주소1626
R01627,2023-03-09 19:00:00,161212.4776574513,Sat,16,8,9,2023-03-09 23:57:00,60.93984340625996,9523.0,-,상세주소1627
R01628,2023-03-09 20:00:00,29906.258444369167,Wed,6,13,17,2023-03-09 22:37:00,38.89613053207697,2767.0,경기도,상세주소1628
R01629,2023-03-09 21:00:00,135660.90994119734,Sun,13,4,21,2023-03-10 01:24:00,66.18079855347796,7379.0,경기도,상세주소1629
R01630,2023-03-09 22:00:00,227092.83533967857,Sat,10,6,45,2023-03-09 23:10:00,68.25644158045637,11977.0,인천광역시,상세주소1630
R01631,2023-03-09 23:00:00,104923.88574745564,Thu,21,25,48,2023-03-10 02:30:00,66.91280279808228,5645.0,경기도,상세주소1631
R01632,2023-03-10 00:00:00,199808.6056216782,Sun,8,5,26,2023-03-10 03:06:00,90.04341655081966,7988.0,충청남도,상세주소1632
R01633,2023-03-10 01:00:00,238839.53827612902,Sat,22,30,12,2023-03-10 02:28:00,58.10052571789968,14798.0,경기도,상세주소1633
R01634,2023-03-10 02:00:00,278226.16802435636,Fri,12,12,32,2023-03-10 06:38:00,59.477546557441904,16840.0,경기도,상세주소1634
R01635,2023-03-10 03:00:00,71157.98247478061,Sat,22,4,4,2023-03-10 06:41:00,36.594611977566004,7000.0,강원도,상세주소1635
R01636,2023-03-10 04:00:00,120395.45882698313,Fri,17,24,25,2023-03-10 04:53:00,91.4493898308581,4739.0,서울특별시,상세주소1636
R01637,2023-03-10 05:00:00,46572.38798579481,Mon,10,29,12,2023-03-10 06:49:00,30.037132097309865,5581.0,인천광역시,상세주소1637
R01638,2023-03-10 06:00:00,297752.5671453542,Wed,14,9,26,2023-03-10 08:43:00,64.57127213399755,16600.0,경기도,상세주소1638
R01639,2023-03-10 07:00:00,278173.2894093643,Sun,21,4,13,2023-03-10 11:02:00,47.704378525828304,20992.0,경기도,상세주소1639
R01640,2023-03-10 08:00:00,162447.1819538873,Sun,18,19,23,2023-03-10 11:15:00,61.24633225349278,9548.0,충청남도,상세주소1640
R01641,2023-03-10 09:00:00,252767.95501854995,Tue,0,24,2,2023-03-10 10:40:00,33.83881455746817,26891.0,경기도,상세주소1641
R01642,2023-03-10 10:00:00,156766.4352043406,Tue,3,14,46,2023-03-10 14:03:00,77.83326939541757,7250.0,서울특별시,상세주소1642
R01643,2023-03-10 11:00:00,187452.12071282516,Wed,13,5,48,2023-03-10 12:34:00,40.8964080340092,16500.0,경기도,상세주소1643
R01644,2023-03-10 12:00:00,27648.20520268897,Tue,13,18,29,2023-03-10 16:10:00,83.32506226198973,1194.0,경기도,상세주소1644
R01645,2023-03-10 13:00:00,226825.85572854558,Sun,2,10,34,2023-03-10 16:34:00,41.447790962874194,19701.0,인천광역시,상세주소1645
R01646,2023-03-10 14:00:00,39186.331606935215,Sat,16,25,47,2023-03-10 17:56:00,79.50424838208811,1774.0,충청남도,상세주소1646
R01647,2023-03-10 15:00:00,247994.22144550597,Mon,2,19,13,2023-03-10 17:08:00,43.38070247221971,20580.0,서울특별시,상세주소1647
R01648,2023-03-10 16:00:00,234826.39821344538,Mon,15,12,11,2023-03-10 20:31:00,47.70780577469651,17719.0,서울특별시,상세주소1648
R01649,2023-03-10 17:00:00,212914.66462514995,Wed,13,18,27,2023-03-10 20:07:00,59.9630782327176,12782.0,서울특별시,상세주소1649
R01650,2023-03-10 18:00:00,11811.953776903872,Tue,19,17,43,2023-03-10 20:07:00,43.04146593032435,987.0,서울특별시,상세주소1650
R01651,2023-03-10 19:00:00,91635.37842765325,Sat,12,30,28,2023-03-10 20:11:00,42.45248430839918,7770.0,인천광역시,상세주소1651
R01652,2023-03-10 20:00:00,79670.65840334202,Mon,14,24,42,2023-03-10 22:48:00,43.2731739400289,6627.0,경기도,상세주소1652
R01653,2023-03-10 21:00:00,108680.7858339842,Mon,13,11,16,2023-03-11 01:16:00,66.37711169211882,5894.0,경기도,상세주소1653
R01654,2023-03-10 22:00:00,27205.181282387723,Thu,23,3,39,2023-03-10 23:41:00,59.99101202635477,1632.0,강원도,상세주소1654
R01655,2023-03-10 23:00:00,281150.38908628776,Thu,18,23,48,2023-03-11 03:32:00,61.05262455787291,16578.0,경기도,상세주소1655
R01656,2023-03-11 00:00:00,166586.86997300052,Sun,5,17,20,2023-03-11 00:47:00,53.50734291278246,11208.0,경기도,상세주소1656
R01657,2023-03-11 01:00:00,92351.76888674904,Mon,9,1,22,2023-03-11 02:46:00,70.97399799721339,4684.0,서울특별시,상세주소1657
R01658,2023-03-11 02:00:00,119697.47360521075,Wed,14,15,19,2023-03-11 03:14:00,81.00116062241244,5319.0,인천광역시,상세주소1658
R01659,2023-03-11 03:00:00,134713.55961094587,Fri,20,28,10,2023-03-11 05:49:00,71.51234128402453,6781.0,서울특별시,상세주소1659
R01660,2023-03-11 04:00:00,180577.70567482457,Fri,21,9,33,2023-03-11 07:26:00,55.820568975013416,11645.0,경기도,상세주소1660
R01661,2023-03-11 05:00:00,155188.14888125283,Sat,19,15,9,2023-03-11 09:11:00,35.58429832651349,15700.0,-,상세주소1661
R01662,2023-03-11 06:00:00,275898.19999111077,Mon,5,28,9,2023-03-11 08:01:00,20.45838600631844,48548.0,인천광역시,상세주소1662
R01663,2023-03-11 07:00:00,149592.08138884325,Mon,22,24,42,2023-03-11 07:51:00,58.70270299253811,9173.0,충청남도,상세주소1663
R01664,2023-03-11 08:00:00,297655.2464321705,Sun,9,28,5,2023-03-11 11:21:00,20.136171742168955,53215.0,경기도,상세주소1664
R01665,2023-03-11 09:00:00,255576.06236578364,Mon,6,29,35,2023-03-11 11:01:00,56.01389333328855,16425.0,경기도,상세주소1665
R01666,2023-03-11 10:00:00,63344.64379284341,Wed,21,3,23,2023-03-11 13:41:00,88.05246397613142,2589.0,경기도,상세주소1666
R01667,2023-03-11 11:00:00,279247.96917853097,Thu,16,22,11,2023-03-11 12:46:00,36.930598987375824,27221.0,경기도,상세주소1667
R01668,2023-03-11 12:00:00,35793.55296775735,Mon,17,27,42,2023-03-11 15:28:00,34.277861039721785,3759.0,경기도,상세주소1668
R01669,2023-03-11 13:00:00,245417.46283886628,Mon,16,19,22,2023-03-11 17:27:00,72.73868458828446,12146.0,경기도,상세주소1669
R01670,2023-03-11 14:00:00,114806.36474949744,Sun,8,13,26,2023-03-11 16:44:00,10.0,41330.0,서울특별시,상세주소1670
R01671,2023-03-11 15:00:00,263514.3218130758,Tue,9,12,44,2023-03-11 15:48:00,67.636162807909,14025.0,서울특별시,상세주소1671
R01672,2023-03-11 16:00:00,260548.95034212765,Sun,9,20,36,2023-03-11 17:52:00,89.37018551454986,10495.0,인천광역시,상세주소1672
R01673,2023-03-11 17:00:00,241971.69463516874,Sun,6,1,5,2023-03-11 21:17:00,42.550301812099804,20472.0,경기도,상세주소1673
R01674,2023-03-11 18:00:00,237219.10045581136,Wed,15,21,0,2023-03-11 22:54:00,39.11520505764233,21832.0,서울특별시,상세주소1674
R01675,2023-03-11 19:00:00,92099.06259031419,Sat,17,17,5,2023-03-11 21:21:00,71.8004659519906,4617.0,경기도,상세주소1675
R01676,2023-03-11 20:00:00,25194.8656323244,Mon,5,13,49,2023-03-12 00:40:00,36.58512445147557,2479.0,서울특별시,상세주소1676
R01677,2023-03-11 21:00:00,121491.07345078328,Sun,19,1,21,2023-03-12 00:13:00,76.2163744746892,5738.0,서울특별시,상세주소1677
R01678,2023-03-11 22:00:00,52883.82998096609,Sun,0,10,40,2023-03-12 01:17:00,38.213801435022674,4982.0,서울특별시,상세주소1678
R01679,2023-03-11 23:00:00,208790.37558183607,Tue,0,15,23,2023-03-12 03:10:00,95.36804670668838,7881.0,충청남도,상세주소1679
R01680,2023-03-12 00:00:00,104483.81823479787,Sun,11,27,24,2023-03-12 03:40:00,73.24611291456458,5135.0,충청남도,상세주소1680
R01681,2023-03-12 01:00:00,292707.45005711453,Fri,20,27,14,2023-03-12 04:19:00,60.76087620379599,17342.0,서울특별시,상세주소1681
R01682,2023-03-12 02:00:00,192650.65112625426,Sat,1,30,25,2023-03-12 03:14:00,94.2150988618471,7361.0,충청남도,상세주소1682
R01683,2023-03-12 03:00:00,246921.6885266739,Mon,3,7,7,2023-03-12 03:43:00,80.63087415703403,11024.0,서울특별시,상세주소1683
R01684,2023-03-12 04:00:00,40624.87714981268,Mon,16,28,23,2023-03-12 08:20:00,67.37233553886621,2170.0,충청남도,상세주소1684
R01685,2023-03-12 05:00:00,258742.33019951414,Tue,3,22,47,2023-03-12 08:06:00,22.73560132523037,40969.0,서울특별시,상세주소1685
R01686,2023-03-12 06:00:00,276904.3999635049,Wed,10,18,37,2023-03-12 08:43:00,45.970119178612265,21684.0,서울특별시,상세주소1686
R01687,2023-03-12 07:00:00,146631.51372686183,Mon,21,16,5,2023-03-12 08:06:00,81.70819177741012,6460.0,인천광역시,상세주소1687
R01688,2023-03-12 08:00:00,182269.62838754227,Fri,3,14,34,2023-03-12 09:22:00,33.99747913584798,19300.0,경기도,상세주소1688
R01689,2023-03-12 09:00:00,229678.13046999564,Mon,0,27,41,2023-03-12 09:47:00,44.685534533945905,18503.0,서울특별시,상세주소1689
R01690,2023-03-12 10:00:00,53276.74955086335,Fri,6,28,0,2023-03-12 11:07:00,39.558044249867784,4848.0,강원도,상세주소1690
R01691,2023-03-12 11:00:00,151267.25686256928,Sat,17,18,45,2023-03-12 14:36:00,68.04713652642485,8002.0,인천광역시,상세주소1691
R01692,2023-03-12 12:00:00,120200.24530392162,Sat,8,27,35,2023-03-12 15:45:00,79.27223621725761,5458.0,경기도,상세주소1692
R01693,2023-03-12 13:00:00,44765.82365651248,Thu,2,7,11,2023-03-12 17:32:00,79.29197837182474,2032.0,경기도,상세주소1693
R01694,2023-03-12 14:00:00,110892.7922651679,Thu,7,17,37,2023-03-12 15:04:00,42.94361207855472,9296.0,충청남도,상세주소1694
R01695,2023-03-12 15:00:00,21383.520506262576,Fri,23,29,10,2023-03-12 19:04:00,67.77317044737362,1135.0,-,상세주소1695
R01696,2023-03-12 16:00:00,8717.76017789661,Wed,18,18,11,2023-03-12 20:08:00,42.00234765908608,747.0,경기도,상세주소1696
R01697,2023-03-12 17:00:00,41414.72045729201,Mon,3,12,41,2023-03-12 18:59:00,55.78903000523933,2672.0,충청남도,상세주소1697
R01698,2023-03-12 18:00:00,288971.418365163,Sun,17,8,49,2023-03-12 22:41:00,70.40336197892033,14776.0,충청남도,상세주소1698
R01699,2023-03-12 19:00:00,165309.33123261007,Mon,19,22,38,2023-03-12 19:37:00,81.22750673258369,7326.0,경기도,상세주소1699
R01700,2023-03-12 20:00:00,289780.82618481276,Thu,10,30,6,2023-03-13 00:45:00,17.012060126776873,61321.0,충청남도,상세주소1700
R01701,2023-03-12 21:00:00,130316.86562070946,Sun,13,2,10,2023-03-13 00:57:00,61.97269382816998,7570.0,경기도,상세주소1701
R01702,2023-03-12 22:00:00,94233.02379249262,Fri,17,7,35,2023-03-13 00:40:00,88.14586607059884,3848.0,서울특별시,상세주소1702
R01703,2023-03-12 23:00:00,152336.416989233,Sun,15,4,30,2023-03-13 03:13:00,64.64438859350734,8483.0,서울특별시,상세주소1703
R01704,2023-03-13 00:00:00,132413.99490124013,Mon,2,18,32,2023-03-13 03:46:00,61.65226545586625,7731.0,서울특별시,상세주소1704
R01705,2023-03-13 01:00:00,32593.74059426143,Mon,14,28,12,2023-03-13 03:51:00,48.73985697039263,2407.0,인천광역시,상세주소1705
R01706,2023-03-13 02:00:00,192607.06809237166,Wed,3,6,17,2023-03-13 06:41:00,87.6150593557256,7913.0,서울특별시,상세주소1706
R01707,2023-03-13 03:00:00,65595.41657037029,Tue,4,27,40,2023-03-13 05:05:00,49.66431809577454,4754.0,충청남도,상세주소1707
R01708,2023-03-13 04:00:00,186256.79851445105,Sun,16,9,23,2023-03-13 04:55:00,57.99701219101344,11561.0,충청남도,상세주소1708
R01709,2023-03-13 05:00:00,195410.12662704787,Thu,6,27,8,2023-03-13 07:20:00,50.59573642936542,13903.0,인천광역시,상세주소1709
R01710,2023-03-13 06:00:00,46455.43108546578,Thu,15,9,30,2023-03-13 08:32:00,62.163910170299275,2690.0,서울특별시,상세주소1710
R01711,2023-03-13 07:00:00,19343.53850608978,Tue,13,14,40,2023-03-13 10:35:00,88.51303998096392,786.0,경기도,상세주소1711
R01712,2023-03-13 08:00:00,234447.7142344635,Mon,15,8,9,2023-03-13 11:17:00,41.877869388466735,20154.0,서울특별시,상세주소1712
R01713,2023-03-13 09:00:00,138480.32670702675,Wed,6,19,1,2023-03-13 10:20:00,62.25106528503733,8008.0,충청남도,상세주소1713
R01714,2023-03-13 10:00:00,18390.97485613726,Wed,8,3,37,2023-03-13 10:34:00,67.82129000431617,976.0,경기도,상세주소1714
R01715,2023-03-13 11:00:00,298465.02883376036,Thu,3,18,14,2023-03-13 12:46:00,43.75335730061306,24557.0,-,상세주소1715
R01716,2023-03-13 12:00:00,18276.387737913625,Wed,21,5,2,2023-03-13 15:09:00,58.8196828777856,1118.0,충청남도,상세주소1716
R01717,2023-03-13 13:00:00,,Sat,10,14,42,2023-03-13 16:57:00,97.02680238982157,7747.0,인천광역시,상세주소1717
R01718,2023-03-13 14:00:00,295119.99865376065,Tue,1,28,30,2023-03-13 18:46:00,24.630213442240965,43135.0,서울특별시,상세주소1718
R01719,2023-03-13 15:00:00,72514.85116056175,Mon,11,30,5,2023-03-13 18:54:00,51.57598523685196,5061.0,서울특별시,상세주소1719
R01720,2023-03-13 16:00:00,43532.56123747166,Sat,11,4,2,2023-03-13 20:44:00,65.01119013860185,2410.0,인천광역시,상세주소1720
R01721,2023-03-13 17:00:00,37294.09688730624,Tue,3,7,10,2023-03-13 17:40:00,52.48114061335488,2558.0,서울특별시,상세주소1721
R01722,2023-03-13 18:00:00,91679.26912271106,Fri,17,20,14,2023-03-13 18:37:00,117.72494941128224,2803.0,충청남도,상세주소1722
R01723,2023-03-13 19:00:00,31212.69749218336,Sun,20,25,44,2023-03-13 20:01:00,70.97381472962586,1583.0,서울특별시,상세주소1723
R01724,2023-03-13 20:00:00,207956.24116654543,Thu,6,28,27,2023-03-13 20:57:00,39.11261674281049,19140.0,인천광역시,상세주소1724
R01725,2023-03-13 21:00:00,19625.247640888745,Wed,0,12,9,2023-03-14 00:55:00,13.26481289359382,5326.0,인천광역시,상세주소1725
R01726,2023-03-13 22:00:00,153317.21631678712,Fri,22,2,37,2023-03-14 02:17:00,66.80551725503707,8261.0,경기도,상세주소1726
R01727,2023-03-13 23:00:00,299012.3593020401,Wed,12,11,46,2023-03-14 01:37:00,44.887617523849215,23980.0,경기도,상세주소1727
R01728,2023-03-14 00:00:00,244377.11058229962,Sat,5,14,49,2023-03-14 04:44:00,85.77797012557306,10256.0,충청남도,상세주소1728
R01729,2023-03-14 01:00:00,184950.61203107226,Mon,5,22,49,2023-03-14 05:01:00,54.502688741792326,12216.0,경기도,상세주소1729
R01730,2023-03-14 02:00:00,92569.8326151969,Mon,11,23,6,2023-03-14 06:28:00,48.63296718660939,6852.0,서울특별시,상세주소1730
R01731,2023-03-14 03:00:00,187544.8550511999,Mon,7,16,14,2023-03-14 06:56:00,48.295056857100306,13979.0,서울특별시,상세주소1731
R01732,2023-03-14 04:00:00,158585.39770958383,Wed,23,20,17,2023-03-14 08:34:00,79.73018347658557,7160.0,경기도,상세주소1732
R01733,2023-03-14 05:00:00,128398.93178322108,Fri,21,29,17,2023-03-14 06:14:00,68.31166079667929,6766.0,경기도,상세주소1733
R01734,2023-03-14 06:00:00,40082.40264531964,Mon,18,6,40,2023-03-14 08:14:00,95.11913447581756,1517.0,충청남도,상세주소1734
R01735,2023-03-14 07:00:00,266094.66035689955,Fri,4,23,23,2023-03-14 11:23:00,55.697857675936234,17198.0,서울특별시,상세주소1735
R01736,2023-03-14 08:00:00,135485.60999757543,Wed,17,4,1,2023-03-14 11:38:00,77.24558824106066,6314.0,서울특별시,상세주소1736
R01737,2023-03-14 09:00:00,59192.131034408754,Sat,4,15,39,2023-03-14 10:13:00,77.58752168823293,2746.0,강원도,상세주소1737
R01738,2023-03-14 10:00:00,110960.0459123096,Fri,9,24,19,2023-03-14 14:14:00,73.4762690612712,5436.0,경기도,상세주소1738
R01739,2023-03-14 11:00:00,124824.79600614918,Sat,0,25,33,2023-03-14 13:51:00,49.802843619067154,9022.0,경기도,상세주소1739
R01740,2023-03-14 12:00:00,248433.8307744954,Wed,9,1,42,2023-03-14 14:45:00,69.46816060091575,12874.0,인천광역시,상세주소1740
R01741,2023-03-14 13:00:00,220350.69978785922,Wed,4,7,25,2023-03-14 16:25:00,58.055151198719976,13663.0,인천광역시,상세주소1741
R01742,2023-03-14 14:00:00,,Thu,11,25,6,2023-03-14 16:51:00,57.52967457816915,14456.0,서울특별시,상세주소1742
R01743,2023-03-14 15:00:00,4298.348064165517,Wed,21,12,37,2023-03-14 16:49:00,43.88379416629469,352.0,-,상세주소1743
R01744,2023-03-14 16:00:00,125430.0454557487,Wed,6,10,29,2023-03-14 17:51:00,17.593225175385534,25666.0,강원도,상세주소1744
R01745,2023-03-14 17:00:00,144921.90133896176,Tue,8,5,41,2023-03-14 19:44:00,84.9675272839637,6140.0,경기도,상세주소1745
R01746,2023-03-14 18:00:00,6738.490770093949,Mon,21,12,4,2023-03-14 21:56:00,68.6311673857196,353.0,경기도,상세주소1746
R01747,2023-03-14 19:00:00,78684.14941476523,Thu,20,18,10,2023-03-14 22:26:00,33.136035606461476,8548.0,충청남도,상세주소1747
R01748,2023-03-14 20:00:00,228326.65711351836,Sun,11,10,0,2023-03-15 00:32:00,74.35420921095962,11054.0,경기도,상세주소1748
R01749,2023-03-14 21:00:00,41995.802012970715,Thu,22,6,33,2023-03-14 22:24:00,85.36270985980485,1771.0,경기도,상세주소1749
R01750,2023-03-14 22:00:00,161057.7293043249,Thu,0,28,0,2023-03-15 00:50:00,75.55334893432324,7674.0,인천광역시,상세주소1750
R01751,2023-03-14 23:00:00,65345.359733154015,Sun,10,12,18,2023-03-15 00:25:00,42.16723642334139,5578.0,서울특별시,상세주소1751
R01752,2023-03-15 00:00:00,4624.111618524088,Tue,20,7,1,2023-03-15 00:44:00,45.36016214928405,366.0,서울특별시,상세주소1752
R01753,2023-03-15 01:00:00,73119.2358222629,Sat,14,18,20,2023-03-15 04:34:00,49.04247970305104,5367.0,경기도,상세주소1753
R01754,2023-03-15 02:00:00,292786.2527181061,Wed,1,2,19,2023-03-15 03:57:00,77.22169612407623,13649.0,서울특별시,상세주소1754
R01755,2023-03-15 03:00:00,240659.5964530139,Mon,19,10,22,2023-03-15 05:06:00,69.5791971833602,12451.0,서울특별시,상세주소1755
R01756,2023-03-15 04:00:00,287913.416651989,Fri,6,15,20,2023-03-15 06:53:00,115.8058324309637,8950.0,경기도,상세주소1756
R01757,2023-03-15 05:00:00,146868.35913398236,Sun,20,30,23,2023-03-15 05:37:00,27.182298765642344,19451.0,경기도,상세주소1757
R01758,2023-03-15 06:00:00,33811.12340457355,Sat,11,12,3,2023-03-15 10:04:00,58.9480332686267,2064.0,서울특별시,상세주소1758
R01759,2023-03-15 07:00:00,164839.8872031342,Sun,21,26,11,2023-03-15 10:22:00,21.44489481313603,27672.0,강원도,상세주소1759
R01760,2023-03-15 08:00:00,136858.8230334283,Wed,17,17,21,2023-03-15 12:12:00,71.93295809469029,6849.0,강원도,상세주소1760
R01761,2023-03-15 09:00:00,253462.76773914517,Tue,2,4,19,2023-03-15 10:09:00,81.33789237294513,11218.0,경기도,상세주소1761
R01762,2023-03-15 10:00:00,30326.691654489132,Sun,6,7,17,2023-03-15 13:31:00,88.84212233536286,1228.0,인천광역시,상세주소1762
R01763,2023-03-15 11:00:00,146984.09996951168,Wed,10,30,0,2023-03-15 15:59:00,63.77044185729578,8297.0,인천광역시,상세주소1763
R01764,2023-03-15 12:00:00,45864.55074350129,Wed,17,9,29,2023-03-15 15:36:00,21.733812581445406,7597.0,충청남도,상세주소1764
R01765,2023-03-15 13:00:00,98078.10214012793,Tue,11,19,32,2023-03-15 17:34:00,58.997028583875036,5984.0,서울특별시,상세주소1765
R01766,2023-03-15 14:00:00,221469.7661389521,Thu,5,28,23,2023-03-15 18:20:00,68.73579788048718,11599.0,경기도,상세주소1766
R01767,2023-03-15 15:00:00,143329.4206812612,Thu,4,27,13,2023-03-15 18:04:00,39.89707490631706,12932.0,인천광역시,상세주소1767
R01768,2023-03-15 16:00:00,113390.59725858502,Mon,0,23,35,2023-03-15 19:24:00,54.70042672955117,7462.0,경기도,상세주소1768
R01769,2023-03-15 17:00:00,118948.40729244056,Mon,11,7,4,2023-03-15 19:24:00,34.459007308079066,12426.0,경기도,상세주소1769
R01770,2023-03-15 18:00:00,138374.58375339,Thu,10,23,10,2023-03-15 18:47:00,47.74590941284276,10433.0,서울특별시,상세주소1770
R01771,2023-03-15 19:00:00,235719.94660728,Sat,3,2,23,2023-03-15 19:41:00,78.24933138806625,10844.0,-,상세주소1771
R01772,2023-03-15 20:00:00,267733.3219931301,Fri,17,6,30,2023-03-15 23:41:00,73.60325893582583,13095.0,경기도,상세주소1772
R01773,2023-03-15 21:00:00,286645.07126467454,Wed,3,18,12,2023-03-16 01:21:00,32.095609811271174,32151.0,서울특별시,상세주소1773
R01774,2023-03-15 22:00:00,236284.11249033324,Fri,16,6,15,2023-03-16 00:02:00,45.90029704723869,18531.0,경기도,상세주소1774
R01775,2023-03-15 23:00:00,95306.66182865581,Wed,1,13,23,2023-03-16 03:07:00,61.14183969551481,5611.0,충청남도,상세주소1775
R01776,2023-03-16 00:00:00,206752.2771198761,Thu,23,26,12,2023-03-16 00:58:00,64.53048637095745,11534.0,서울특별시,상세주소1776
R01777,2023-03-16 01:00:00,131843.3340925622,Mon,21,19,23,2023-03-16 02:46:00,46.74208486908112,,경기도,상세주소1777
R01778,2023-03-16 02:00:00,77146.5159917693,Sat,1,30,25,2023-03-16 02:38:00,69.52914906643186,3994.0,경기도,상세주소1778
R01779,2023-03-16 03:00:00,252420.60224835086,Mon,11,2,1,2023-03-16 03:53:00,59.29435558970474,15325.0,서울특별시,상세주소1779
R01780,2023-03-16 04:00:00,12489.478339735175,Fri,5,12,15,2023-03-16 04:44:00,10.0,4496.0,경기도,상세주소1780
R01781,2023-03-16 05:00:00,270626.83564849163,Mon,9,15,37,2023-03-16 08:13:00,48.566593454465995,20060.0,경기도,상세주소1781
R01782,2023-03-16 06:00:00,138981.7619227955,Thu,22,14,45,2023-03-16 06:42:00,47.995485397788585,10424.0,서울특별시,상세주소1782
R01783,2023-03-16 07:00:00,191523.24156567585,Sat,20,6,0,2023-03-16 10:21:00,73.56547400779486,9372.0,서울특별시,상세주소1783
R01784,2023-03-16 08:00:00,198146.82273952902,Fri,22,18,48,2023-03-16 11:49:00,73.92118474356096,9649.0,인천광역시,상세주소1784
R01785,2023-03-16 09:00:00,268640.2044712544,Sat,15,5,10,2023-03-16 10:45:00,26.5579445814424,36414.0,경기도,상세주소1785
R01786,2023-03-16 10:00:00,191364.234967995,Wed,13,18,34,2023-03-16 13:13:00,68.76943513993135,10017.0,서울특별시,상세주소1786
R01787,2023-03-16 11:00:00,184566.14184325846,Mon,6,3,42,2023-03-16 12:30:00,58.52072309198616,11353.0,서울특별시,상세주소1787
R01788,2023-03-16 12:00:00,20928.9601276463,Sat,18,3,28,2023-03-16 16:34:00,62.52848816249474,1204.0,경기도,상세주소1788
R01789,2023-03-16 13:00:00,156003.99856161603,Tue,22,22,36,2023-03-16 16:04:00,47.72345962612539,11768.0,서울특별시,상세주소1789
R01790,2023-03-16 14:00:00,45900.53124429545,Mon,16,22,16,2023-03-16 18:46:00,58.763401544646385,2811.0,경기도,상세주소1790
R01791,2023-03-16 15:00:00,221492.69684772418,Wed,8,10,38,2023-03-16 19:33:00,83.0065364515668,9606.0,충청남도,상세주소1791
R01792,2023-03-16 16:00:00,154154.35432298967,Sat,12,19,41,2023-03-16 19:11:00,62.2437151818285,8915.0,서울특별시,상세주소1792
R01793,2023-03-16 17:00:00,204388.10598329763,Fri,21,3,27,2023-03-16 18:37:00,59.151465887642125,12439.0,서울특별시,상세주소1793
R01794,2023-03-16 18:00:00,13460.197280112896,Wed,4,29,28,2023-03-16 21:10:00,50.41593251607567,961.0,경기도,상세주소1794
R01795,2023-03-16 19:00:00,26352.812797695162,Tue,22,12,42,2023-03-16 23:48:00,81.04511867487928,1170.0,경기도,상세주소1795
R01796,2023-03-16 20:00:00,215180.693030742,Sat,4,29,2,2023-03-16 22:04:00,34.38424366665579,22529.0,서울특별시,상세주소1796
R01797,2023-03-16 21:00:00,22553.216463603338,Sun,9,16,9,2023-03-17 01:35:00,43.96060796434164,1846.0,서울특별시,상세주소1797
R01798,2023-03-16 22:00:00,22305.761601812323,Sun,20,17,41,2023-03-17 02:10:00,33.235772364292245,2416.0,경기도,상세주소1798
R01799,2023-03-16 23:00:00,4620.434095231348,Thu,9,7,13,2023-03-17 01:32:00,64.0137035010033,259.0,경기도,상세주소1799
R01800,2023-03-17 00:00:00,286993.91809154453,Mon,6,13,11,2023-03-17 03:36:00,83.59495212830888,12359.0,경기도,상세주소1800
R01801,2023-03-17 01:00:00,221514.9994782431,Fri,14,24,46,2023-03-17 05:51:00,53.42409164861103,14926.0,서울특별시,상세주소1801
R01802,2023-03-17 02:00:00,106622.17114211718,Thu,6,2,41,2023-03-17 03:29:00,38.61188930450278,9940.0,경기도,상세주소1802
R01803,2023-03-17 03:00:00,89664.13880500892,Sat,14,4,29,2023-03-17 05:34:00,92.72892967409942,3481.0,서울특별시,상세주소1803
R01804,2023-03-17 04:00:00,105561.26569400901,Sun,2,10,31,2023-03-17 05:20:00,69.02566133296799,5505.0,경기도,상세주소1804
R01805,2023-03-17 05:00:00,232621.40582317338,Sun,18,7,31,2023-03-17 08:27:00,65.55048287268558,12775.0,서울특별시,상세주소1805
R01806,2023-03-17 06:00:00,198749.8127100539,Sun,9,24,41,2023-03-17 08:48:00,56.19618715653996,12732.0,경기도,상세주소1806
R01807,2023-03-17 07:00:00,56373.474792372916,Sat,14,17,31,2023-03-17 10:19:00,73.38028343714963,2765.0,서울특별시,상세주소1807
R01808,2023-03-17 08:00:00,53058.69126489122,Sun,2,20,25,2023-03-17 09:08:00,65.2371112855734,2927.0,경기도,상세주소1808
R01809,2023-03-17 09:00:00,30420.2992643058,Wed,5,6,0,2023-03-17 10:38:00,50.374631432412386,2173.0,경기도,상세주소1809
R01810,2023-03-17 10:00:00,198430.5131907001,Sat,11,19,41,2023-03-17 14:25:00,53.72394746374279,13296.0,서울특별시,상세주소1810
R01811,2023-03-17 11:00:00,229547.42600429905,Fri,14,5,1,2023-03-17 12:17:00,39.60226397973932,20866.0,경기도,상세주소1811
R01812,2023-03-17 12:00:00,80248.88206917621,Thu,5,10,16,2023-03-17 13:26:00,37.10869624945005,7785.0,경기도,상세주소1812
R01813,2023-03-17 13:00:00,7262.543348242931,Fri,12,9,29,2023-03-17 15:08:00,54.06695609806334,483.0,충청남도,상세주소1813
R01814,2023-03-17 14:00:00,25569.328575451775,Tue,18,27,38,2023-03-17 14:44:00,83.08429784582948,1107.0,충청남도,상세주소1814
R01815,2023-03-17 15:00:00,290390.1504186641,Sun,2,13,6,2023-03-17 18:28:00,39.31673575677316,26589.0,경기도,상세주소1815
R01816,2023-03-17 16:00:00,89337.98846574865,Tue,7,19,26,2023-03-17 17:31:00,76.7274005851482,4191.0,충청남도,상세주소1816
R01817,2023-03-17 17:00:00,230997.72120360195,Mon,7,21,8,2023-03-17 19:28:00,44.02130292686401,18890.0,서울특별시,상세주소1817
R01818,2023-03-17 18:00:00,187774.40708742486,Mon,22,24,21,2023-03-17 19:06:00,24.267938546046025,27855.0,경기도,상세주소1818
R01819,2023-03-17 19:00:00,115199.95225621588,Tue,19,6,33,2023-03-17 21:43:00,70.93199517178152,5846.0,-,상세주소1819
R01820,2023-03-17 20:00:00,62500.49139647098,Sat,14,4,45,2023-03-17 20:55:00,92.57536175149565,2430.0,충청남도,상세주소1820
R01821,2023-03-17 21:00:00,37294.53902966252,Fri,3,24,48,2023-03-17 21:37:00,42.885298394639435,3130.0,-,상세주소1821
R01822,2023-03-17 22:00:00,184888.8774436211,Tue,18,27,0,2023-03-17 22:33:00,28.602581821996797,23270.0,경기도,상세주소1822
R01823,2023-03-17 23:00:00,232615.50041069862,Mon,20,3,8,2023-03-17 23:50:00,69.09829502160045,12119.0,경기도,상세주소1823
R01824,2023-03-18 00:00:00,193527.37180879808,Tue,2,3,19,2023-03-18 02:58:00,41.5365160905601,16773.0,서울특별시,상세주소1824
R01825,2023-03-18 01:00:00,159560.33784149835,Sat,12,4,18,2023-03-18 01:54:00,70.73293156941857,8120.0,서울특별시,상세주소1825
R01826,2023-03-18 02:00:00,13543.415806059244,Tue,7,25,35,2023-03-18 04:52:00,83.02959188407684,587.0,경기도,상세주소1826
R01827,2023-03-18 03:00:00,290578.1445007208,Fri,22,5,39,2023-03-18 07:34:00,66.6123499120587,15704.0,충청남도,상세주소1827
R01828,2023-03-18 04:00:00,239815.5433047178,Thu,15,8,44,2023-03-18 05:12:00,76.19536616690942,11330.0,서울특별시,상세주소1828
R01829,2023-03-18 05:00:00,88553.78897358845,Sat,12,16,3,2023-03-18 08:34:00,76.33224307269401,4176.0,서울특별시,상세주소1829
R01830,2023-03-18 06:00:00,294011.12847829633,Mon,2,22,8,2023-03-18 07:11:00,79.7989342435726,13263.0,서울특별시,상세주소1830
R01831,2023-03-18 07:00:00,180962.5953012603,Fri,15,3,40,2023-03-18 09:01:00,60.90421535114962,10696.0,서울특별시,상세주소1831
R01832,2023-03-18 08:00:00,175144.3748039667,Tue,8,24,21,2023-03-18 09:22:00,75.58152854787309,8342.0,경기도,상세주소1832
R01833,2023-03-18 09:00:00,224673.8806494301,Tue,13,12,17,2023-03-18 10:53:00,63.28803492312623,12780.0,-,상세주소1833
R01834,2023-03-18 10:00:00,243719.16663895114,Thu,12,25,11,2023-03-18 11:03:00,67.82640343870452,12935.0,경기도,상세주소1834
R01835,2023-03-18 11:00:00,197287.1035921193,Mon,20,8,41,2023-03-18 12:45:00,121.03422639837251,5868.0,경기도,상세주소1835
R01836,2023-03-18 12:00:00,39300.628163493806,Mon,6,13,42,2023-03-18 15:46:00,64.83201047171332,2182.0,충청남도,상세주소1836
R01837,2023-03-18 13:00:00,102141.98429235502,Wed,14,4,38,2023-03-18 14:57:00,30.044801343932676,12238.0,-,상세주소1837
R01838,2023-03-18 14:00:00,278497.00845748885,Mon,6,14,8,2023-03-18 18:24:00,56.05161644964718,17886.0,충청남도,상세주소1838
R01839,2023-03-18 15:00:00,68160.06794131173,Thu,5,14,5,2023-03-18 19:21:00,53.78948488715453,4561.0,충청남도,상세주소1839
R01840,2023-03-18 16:00:00,112277.94012741648,Sun,1,13,18,2023-03-18 16:36:00,54.70412796490772,7388.0,서울특별시,상세주소1840
R01841,2023-03-18 17:00:00,130190.9880003146,Wed,8,27,47,2023-03-18 18:07:00,79.06884852505931,5927.0,강원도,상세주소1841
R01842,2023-03-18 18:00:00,132382.0919186412,Wed,21,6,46,2023-03-18 19:21:00,82.6118279532806,5768.0,경기도,상세주소1842
R01843,2023-03-18 19:00:00,184268.93516586313,Tue,23,17,6,2023-03-18 21:52:00,57.88729514605206,11459.0,인천광역시,상세주소1843
R01844,2023-03-18 20:00:00,282979.6754856676,Tue,16,4,15,2023-03-19 00:10:00,32.162513029621564,31674.0,서울특별시,상세주소1844
R01845,2023-03-18 21:00:00,72967.12083791898,Mon,4,8,4,2023-03-19 01:29:00,61.981911503662154,4238.0,경기도,상세주소1845
R01846,2023-03-18 22:00:00,37328.9115139745,Wed,11,17,15,2023-03-19 00:52:00,49.132225158086655,2735.0,서울특별시,상세주소1846
R01847,2023-03-18 23:00:00,60043.67646812126,Tue,0,3,0,2023-03-19 00:18:00,64.20809427942639,3366.0,서울특별시,상세주소1847
R01848,2023-03-19 00:00:00,266190.5451625716,Thu,9,17,36,2023-03-19 00:43:00,57.58076215620177,16642.0,서울특별시,상세주소1848
R01849,2023-03-19 01:00:00,194097.4329839066,Tue,10,9,38,2023-03-19 01:44:00,84.32715236802173,8286.0,경기도,상세주소1849
R01850,2023-03-19 02:00:00,86486.12998250888,Sat,15,2,18,2023-03-19 06:23:00,65.49616092927795,4753.0,충청남도,상세주소1850
R01851,2023-03-19 03:00:00,244968.13475161657,Sat,13,25,36,2023-03-19 04:32:00,49.19616711557009,17925.0,경기도,상세주소1851
R01852,2023-03-19 04:00:00,258549.62891266737,Tue,7,13,16,2023-03-19 07:45:00,32.28935505232306,28826.0,서울특별시,상세주소1852
R01853,2023-03-19 05:00:00,254107.78726839312,Wed,23,20,25,2023-03-19 05:56:00,59.039716722032196,15494.0,충청남도,상세주소1853
R01854,2023-03-19 06:00:00,275759.0335582268,Sun,16,2,21,2023-03-19 08:02:00,59.111252921075604,16794.0,서울특별시,상세주소1854
R01855,2023-03-19 07:00:00,76420.06503183511,Sun,17,20,7,2023-03-19 09:14:00,54.75078502592669,5024.0,경기도,상세주소1855
R01856,2023-03-19 08:00:00,226757.5366951372,Wed,11,28,32,2023-03-19 09:21:00,75.50647502807132,10811.0,경기도,상세주소1856
R01857,2023-03-19 09:00:00,138701.30968496785,Fri,16,11,1,2023-03-19 12:30:00,32.34443017924845,15437.0,서울특별시,상세주소1857
R01858,2023-03-19 10:00:00,252757.5673141284,Sun,13,27,29,2023-03-19 11:26:00,44.74911872920841,20333.0,-,상세주소1858
R01859,2023-03-19 11:00:00,218818.71247132236,Sat,15,26,46,2023-03-19 13:29:00,61.058351989722695,12901.0,강원도,상세주소1859
R01860,2023-03-19 12:00:00,233157.78650341768,Thu,13,22,19,2023-03-19 13:12:00,48.809835620900515,17196.0,인천광역시,상세주소1860
R01861,2023-03-19 13:00:00,197192.38946664036,Wed,8,15,17,2023-03-19 15:44:00,52.86581523647173,13428.0,경기도,상세주소1861
R01862,2023-03-19 14:00:00,54051.202071442356,Mon,3,11,42,2023-03-19 18:49:00,58.79497264271653,3309.0,경기도,상세주소1862
R01863,2023-03-19 15:00:00,163963.04875018456,Sat,22,23,9,2023-03-19 18:46:00,73.71929866827254,8006.0,경기도,상세주소1863
R01864,2023-03-19 16:00:00,295416.25211782794,Thu,10,3,23,2023-03-19 18:42:00,57.98852692900544,18339.0,경기도,상세주소1864
R01865,2023-03-19 17:00:00,281279.0318826386,Thu,5,3,3,2023-03-19 21:44:00,20.606310872963675,49140.0,경기도,상세주소1865
R01866,2023-03-19 18:00:00,13908.94700330649,Wed,14,28,36,2023-03-19 22:09:00,47.94405981964573,1044.0,경기도,상세주소1866
R01867,2023-03-19 19:00:00,50279.6299031017,Thu,4,26,3,2023-03-19 20:10:00,69.91568550600158,2588.0,서울특별시,상세주소1867
R01868,2023-03-19 20:00:00,40386.90326291401,Wed,10,12,12,2023-03-20 00:44:00,75.25347277533109,1932.0,경기도,상세주소1868
R01869,2023-03-19 21:00:00,218067.99308560335,Sun,17,24,24,2023-03-19 21:31:00,76.3571575635221,10281.0,서울특별시,상세주소1869
R01870,2023-03-19 22:00:00,245517.81362722657,Tue,12,5,12,2023-03-20 01:44:00,82.02355339924125,10775.0,강원도,상세주소1870
R01871,2023-03-19 23:00:00,64839.8985268909,Sat,10,20,17,2023-03-20 03:31:00,62.368745541799775,3742.0,서울특별시,상세주소1871
R01872,2023-03-20 00:00:00,152249.95519259688,Fri,13,7,23,2023-03-20 02:58:00,65.26329961739293,8398.0,인천광역시,상세주소1872
R01873,2023-03-20 01:00:00,252370.2053753488,Tue,17,7,1,2023-03-20 04:47:00,39.721829074808355,22872.0,인천광역시,상세주소1873
R01874,2023-03-20 02:00:00,220107.66188510892,Sat,18,13,47,2023-03-20 06:34:00,16.508493744309114,47998.0,경기도,상세주소1874
R01875,2023-03-20 03:00:00,163128.92444206265,Wed,23,9,32,2023-03-20 05:17:00,31.648348328442033,18555.0,경기도,상세주소1875
R01876,2023-03-20 04:00:00,177513.95944717308,Sat,14,25,18,2023-03-20 08:01:00,45.96324896619123,13903.0,경기도,상세주소1876
R01877,2023-03-20 05:00:00,152999.8035279677,Sun,8,21,8,2023-03-20 08:05:00,32.80590897338379,16789.0,경기도,상세주소1877
R01878,2023-03-20 06:00:00,89966.98694432735,Wed,7,13,27,2023-03-20 06:55:00,54.141461198797145,5982.0,서울특별시,상세주소1878
R01879,2023-03-20 07:00:00,,Tue,19,12,34,2023-03-20 08:51:00,50.75823478717488,12053.0,강원도,상세주소1879
R01880,2023-03-20 08:00:00,206976.7053129771,Mon,0,13,38,2023-03-20 09:52:00,78.75654027804114,9461.0,-,상세주소1880
R01881,2023-03-20 09:00:00,262123.5518423815,Mon,3,24,9,2023-03-20 11:40:00,40.61727024424264,23232.0,경기도,상세주소1881
R01882,2023-03-20 10:00:00,191251.11483979516,Sat,13,10,0,2023-03-20 12:09:00,62.81163834367908,10961.0,-,상세주소1882
R01883,2023-03-20 11:00:00,228575.33957590425,Mon,1,1,41,2023-03-20 15:45:00,51.60464613166319,15945.0,경기도,상세주소1883
R01884,2023-03-20 12:00:00,48861.41885141732,Wed,15,25,20,2023-03-20 13:18:00,39.86842867346263,4412.0,충청남도,상세주소1884
R01885,2023-03-20 13:00:00,139005.68485151717,Thu,2,8,8,2023-03-20 14:32:00,45.44577092063808,11011.0,경기도,상세주소1885
R01886,2023-03-20 14:00:00,3790.1543283008955,Wed,7,22,46,2023-03-20 16:14:00,18.974805898395104,719.0,경기도,상세주소1886
R01887,2023-03-20 15:00:00,74756.98049196528,Thu,5,16,14,2023-03-20 17:14:00,74.96693653787267,3589.0,경기도,상세주소1887
R01888,2023-03-20 16:00:00,218212.05281878845,Tue,15,13,34,2023-03-20 16:44:00,88.04522507496048,8922.0,충청남도,상세주소1888
R01889,2023-03-20 17:00:00,297551.17545345967,Fri,23,3,4,2023-03-20 20:24:00,54.65067765917765,19600.0,경기도,상세주소1889
R01890,2023-03-20 18:00:00,30654.251776577556,Thu,15,3,40,2023-03-20 22:48:00,60.581241747886224,1821.0,경기도,상세주소1890
R01891,2023-03-20 19:00:00,121046.80044252519,Mon,6,24,21,2023-03-20 23:00:00,54.082843191882816,8057.0,강원도,상세주소1891
R01892,2023-03-20 20:00:00,240221.2196410487,Wed,12,5,40,2023-03-21 00:48:00,43.59817436939872,19835.0,강원도,상세주소1892
R01893,2023-03-20 21:00:00,62006.654754040756,Tue,12,26,22,2023-03-20 23:11:00,74.09805720421753,3012.0,경기도,상세주소1893
R01894,2023-03-20 22:00:00,166970.3998413836,Mon,4,11,6,2023-03-21 02:49:00,66.3813665030323,9055.0,인천광역시,상세주소1894
R01895,2023-03-20 23:00:00,220188.31751287277,Tue,19,30,22,2023-03-21 02:08:00,10.0,79267.0,경기도,상세주소1895
R01896,2023-03-21 00:00:00,185179.64962779352,Fri,21,7,43,2023-03-21 01:14:00,39.30778505181769,16959.0,경기도,상세주소1896
R01897,2023-03-21 01:00:00,57219.39565000942,Sun,17,21,24,2023-03-21 05:40:00,18.93877500871948,10876.0,서울특별시,상세주소1897
R01898,2023-03-21 02:00:00,107259.98603703608,Wed,14,24,26,2023-03-21 05:14:00,91.10828690777166,4238.0,서울특별시,상세주소1898
R01899,2023-03-21 03:00:00,235353.74356113377,Sat,17,10,40,2023-03-21 06:42:00,56.56342455108521,14979.0,서울특별시,상세주소1899
R01900,2023-03-21 04:00:00,166713.72772547297,Wed,1,10,5,2023-03-21 04:38:00,64.81403123392559,9259.0,서울특별시,상세주소1900
R01901,2023-03-21 05:00:00,2563.6544493309084,Fri,9,20,33,2023-03-21 06:34:00,52.93409729839553,174.0,서울특별시,상세주소1901
R01902,2023-03-21 06:00:00,228536.23724840005,Wed,22,2,8,2023-03-21 09:30:00,82.05393452580174,10026.0,인천광역시,상세주소1902
R01903,2023-03-21 07:00:00,11558.095127131483,Sat,12,3,48,2023-03-21 07:59:00,77.21410345188868,538.0,인천광역시,상세주소1903
R01904,2023-03-21 08:00:00,223974.40103663842,Thu,17,8,32,2023-03-21 12:55:00,55.69041633958969,14478.0,서울특별시,상세주소1904
R01905,2023-03-21 09:00:00,61541.68748940599,Tue,14,11,5,2023-03-21 13:06:00,94.35986111350451,2347.0,경기도,상세주소1905
R01906,2023-03-21 10:00:00,287463.97055569466,Sat,11,13,36,2023-03-21 12:14:00,63.70636284465748,16244.0,서울특별시,상세주소1906
R01907,2023-03-21 11:00:00,111014.28463932326,Mon,14,7,30,2023-03-21 14:33:00,30.797498497223565,12976.0,인천광역시,상세주소1907
R01908,2023-03-21 12:00:00,98752.55328508565,Fri,12,13,33,2023-03-21 14:57:00,62.0003747502712,5733.0,서울특별시,상세주소1908
R01909,2023-03-21 13:00:00,45517.52704940096,Thu,17,2,40,2023-03-21 15:14:00,70.34881315452571,2329.0,서울특별시,상세주소1909
R01910,2023-03-21 14:00:00,92375.66043157424,Mon,14,6,28,2023-03-21 15:16:00,57.335504949034515,5800.0,경기도,상세주소1910
R01911,2023-03-21 15:00:00,263118.577786632,Mon,22,9,13,2023-03-21 16:56:00,51.770339095140756,18296.0,서울특별시,상세주소1911
R01912,2023-03-21 16:00:00,,Fri,10,20,35,2023-03-21 18:38:00,95.28722632459937,11292.0,경기도,상세주소1912
R01913,2023-03-21 17:00:00,111124.54962154766,Thu,18,25,35,2023-03-21 21:47:00,36.282750825693434,11025.0,강원도,상세주소1913
R01914,2023-03-21 18:00:00,135134.57865540823,Sun,2,2,14,2023-03-21 20:56:00,10.0,48648.0,서울특별시,상세주소1914
R01915,2023-03-21 19:00:00,216899.21052261838,Mon,6,18,7,2023-03-21 20:41:00,92.3810806185969,8452.0,경기도,상세주소1915
R01916,2023-03-21 20:00:00,265972.5383590573,Mon,20,16,25,2023-03-21 22:49:00,35.47905207820705,26987.0,서울특별시,상세주소1916
R01917,2023-03-21 21:00:00,178320.25592184847,Thu,13,25,35,2023-03-21 21:56:00,54.267639230035726,11829.0,충청남도,상세주소1917
R01918,2023-03-21 22:00:00,118066.18375517098,Wed,13,12,47,2023-03-21 22:58:00,52.45135689875501,8103.0,경기도,상세주소1918
R01919,2023-03-21 23:00:00,124373.9304137385,Mon,21,7,20,2023-03-22 02:23:00,84.6349698139704,5290.0,서울특별시,상세주소1919
R01920,2023-03-22 00:00:00,208989.82580254527,Tue,12,7,27,2023-03-22 04:42:00,88.69712759253736,8482.0,서울특별시,상세주소1920
R01921,2023-03-22 01:00:00,1962.2608176793258,Thu,11,17,3,2023-03-22 02:29:00,34.152490917896145,206.0,인천광역시,상세주소1921
R01922,2023-03-22 02:00:00,186257.21190049237,Mon,23,13,15,2023-03-22 04:16:00,87.138192563708,7694.0,경기도,상세주소1922
R01923,2023-03-22 03:00:00,107292.41012196586,Fri,8,11,21,2023-03-22 07:09:00,86.76820632432363,4451.0,서울특별시,상세주소1923
R01924,2023-03-22 04:00:00,238465.0020518482,Sat,0,6,11,2023-03-22 08:48:00,60.3870988184994,14216.0,강원도,상세주소1924
R01925,2023-03-22 05:00:00,28804.201307116517,Tue,18,29,15,2023-03-22 07:55:00,78.65085110639717,1318.0,-,상세주소1925
R01926,2023-03-22 06:00:00,176872.47781756875,Sat,10,23,39,2023-03-22 07:21:00,80.65659907889511,7894.0,서울특별시,상세주소1926
R01927,2023-03-22 07:00:00,144810.894075951,Sat,22,27,37,2023-03-22 08:29:00,54.95144297548201,9486.0,-,상세주소1927
R01928,2023-03-22 08:00:00,193055.33224566298,Mon,21,14,41,2023-03-22 09:03:00,56.84866884899357,12225.0,서울특별시,상세주소1928
R01929,2023-03-22 09:00:00,20391.224750407535,Tue,22,6,36,2023-03-22 11:05:00,71.78656094148845,1022.0,서울특별시,상세주소1929
R01930,2023-03-22 10:00:00,174415.15244101125,Tue,23,6,28,2023-03-22 11:58:00,27.429500667283776,22891.0,서울특별시,상세주소1930
R01931,2023-03-22 11:00:00,168883.8917998976,Wed,21,2,17,2023-03-22 15:20:00,52.923866669708225,11487.0,경기도,상세주소1931
R01932,2023-03-22 12:00:00,168637.3682304351,Sat,18,22,9,2023-03-22 16:35:00,35.992825073933034,16867.0,서울특별시,상세주소1932
R01933,2023-03-22 13:00:00,181442.81231234,Tue,17,20,41,2023-03-22 15:20:00,88.4715640599804,7383.0,서울특별시,상세주소1933
R01934,2023-03-22 14:00:00,203263.91323068232,Wed,11,25,38,2023-03-22 18:23:00,52.68834750995346,13888.0,충청남도,상세주소1934
R01935,2023-03-22 15:00:00,241691.71090455016,Thu,22,15,17,2023-03-22 18:15:00,65.52747446186704,13278.0,인천광역시,상세주소1935
R01936,2023-03-22 16:00:00,81676.39531833609,Wed,0,28,0,2023-03-22 18:37:00,55.631761280549796,5285.0,서울특별시,상세주소1936
R01937,2023-03-22 17:00:00,247689.77364383856,Fri,18,17,38,2023-03-22 21:26:00,54.330318290835336,16412.0,경기도,상세주소1937
R01938,2023-03-22 18:00:00,149978.44899677264,Sun,19,29,20,2023-03-22 20:16:00,64.21932575173241,8407.0,경기도,상세주소1938
R01939,2023-03-22 19:00:00,24040.425461165018,Mon,16,8,0,2023-03-22 21:37:00,45.387126703957314,1906.0,경기도,상세주소1939
R01940,2023-03-22 20:00:00,18506.727843949782,Thu,4,5,14,2023-03-22 23:44:00,56.03035297064855,1189.0,서울특별시,상세주소1940
R01941,2023-03-22 21:00:00,100937.25729012217,Sun,2,17,3,2023-03-22 23:52:00,55.88314005529824,6502.0,경기도,상세주소1941
R01942,2023-03-22 22:00:00,235684.1961563288,Sun,1,20,19,2023-03-23 00:20:00,51.53569400263417,16463.0,서울특별시,상세주소1942
R01943,2023-03-22 23:00:00,212596.59948753382,Thu,2,1,9,2023-03-23 00:59:00,67.82113815490496,11284.0,경기도,상세주소1943
R01944,2023-03-23 00:00:00,236795.87443704953,Fri,7,22,22,2023-03-23 04:40:00,51.060081359710374,16695.0,인천광역시,상세주소1944
R01945,2023-03-23 01:00:00,155663.4478760412,Wed,15,18,40,2023-03-23 05:13:00,92.22229964823914,6076.0,충청남도,상세주소1945
R01946,2023-03-23 02:00:00,132619.50038869167,Mon,5,15,33,2023-03-23 04:10:00,72.57928216081055,6578.0,서울특별시,상세주소1946
R01947,2023-03-23 03:00:00,45088.3054851789,Wed,12,5,45,2023-03-23 05:41:00,33.01379890517193,4916.0,경기도,상세주소1947
R01948,2023-03-23 04:00:00,99129.63332918416,Tue,22,7,47,2023-03-23 04:42:00,71.01755888077243,5025.0,서울특별시,상세주소1948
R01949,2023-03-23 05:00:00,130771.7904859887,Wed,21,18,32,2023-03-23 07:07:00,46.21040604984206,10187.0,경기도,상세주소1949
R01950,2023-03-23 06:00:00,27491.528474205552,Thu,21,6,33,2023-03-23 08:29:00,62.71380350810907,1578.0,경기도,상세주소1950
R01951,2023-03-23 07:00:00,66962.97386065217,Mon,15,22,38,2023-03-23 10:48:00,45.37609118745302,5312.0,경기도,상세주소1951
R01952,2023-03-23 08:00:00,179869.3629250579,Wed,15,21,9,2023-03-23 08:30:00,16.111922252476454,40189.0,경기도,상세주소1952
R01953,2023-03-23 09:00:00,220963.27115751777,Mon,2,5,19,2023-03-23 10:29:00,59.56533014143212,13354.0,경기도,상세주소1953
R01954,2023-03-23 10:00:00,299505.9059064919,Mon,12,30,0,2023-03-23 14:39:00,31.311684823040807,34435.0,경기도,상세주소1954
R01955,2023-03-23 11:00:00,280000.88607172377,Tue,13,19,12,2023-03-23 13:49:00,68.3943077746265,14738.0,경기도,상세주소1955
R01956,2023-03-23 12:00:00,193126.99466102227,Tue,7,10,0,2023-03-23 14:58:00,63.49569651613041,10949.0,서울특별시,상세주소1956
R01957,2023-03-23 13:00:00,126953.16793492752,Thu,11,15,4,2023-03-23 14:13:00,47.92230912118839,9536.0,-,상세주소1957
R01958,2023-03-23 14:00:00,191217.03204776158,Fri,22,10,15,2023-03-23 17:35:00,96.51074076047976,7132.0,충청남도,상세주소1958
R01959,2023-03-23 15:00:00,235909.83380598936,Sun,22,27,14,2023-03-23 17:17:00,35.214250653912394,24117.0,경기도,상세주소1959
R01960,2023-03-23 16:00:00,36382.521086092805,Mon,21,16,48,2023-03-23 17:13:00,47.51324697487668,2756.0,서울특별시,상세주소1960
R01961,2023-03-23 17:00:00,123561.56201919018,Fri,20,12,27,2023-03-23 18:47:00,37.58616835232504,11834.0,충청남도,상세주소1961
R01962,2023-03-23 18:00:00,252100.88340504954,Sun,7,18,30,2023-03-23 22:15:00,100.82632064518441,9001.0,경기도,상세주소1962
R01963,2023-03-23 19:00:00,115766.05262798016,Sun,20,23,22,2023-03-23 22:11:00,87.04488283292156,4787.0,충청남도,상세주소1963
R01964,2023-03-23 20:00:00,171989.80909692877,Thu,8,1,47,2023-03-24 00:42:00,31.55756271339138,19620.0,서울특별시,상세주소1964
R01965,2023-03-23 21:00:00,176743.03889779726,Sun,0,16,44,2023-03-23 23:41:00,43.48837916692818,14630.0,강원도,상세주소1965
R01966,2023-03-23 22:00:00,56158.39968695817,Sun,5,22,42,2023-03-24 00:53:00,44.16682683089804,4577.0,충청남도,상세주소1966
R01967,2023-03-23 23:00:00,109308.39705403423,Mon,22,6,16,2023-03-24 03:55:00,48.98545964474289,8033.0,서울특별시,상세주소1967
R01968,2023-03-24 00:00:00,101018.87533383771,Mon,18,3,48,2023-03-24 02:18:00,39.144386923333705,9290.0,서울특별시,상세주소1968
R01969,2023-03-24 01:00:00,8832.815851087373,Sat,22,2,33,2023-03-24 04:43:00,47.884979259774234,664.0,경기도,상세주소1969
R01970,2023-03-24 02:00:00,8233.33740351522,Fri,10,28,12,2023-03-24 03:04:00,80.09744538119996,370.0,경기도,상세주소1970
R01971,2023-03-24 03:00:00,249677.41605905627,Wed,10,2,13,2023-03-24 06:36:00,98.93824672157976,9084.0,서울특별시,상세주소1971
R01972,2023-03-24 04:00:00,82648.1721818709,Tue,22,30,10,2023-03-24 08:32:00,29.112036422451535,10220.0,경기도,상세주소1972
R01973,2023-03-24 05:00:00,155905.55110540582,Wed,12,13,27,2023-03-24 09:53:00,39.17785753465574,14325.0,경기도,상세주소1973
R01974,2023-03-24 06:00:00,90318.94650304315,Fri,10,9,41,2023-03-24 06:39:00,64.27118888760467,5059.0,경기도,상세주소1974
R01975,2023-03-24 07:00:00,282263.0942894868,Tue,17,16,31,2023-03-24 10:15:00,28.393887207678983,35787.0,충청남도,상세주소1975
R01976,2023-03-24 08:00:00,78529.73090086634,Wed,22,27,34,2023-03-24 08:58:00,64.7886404278245,4363.0,경기도,상세주소1976
R01977,2023-03-24 09:00:00,129467.38700894159,Sat,14,5,30,2023-03-24 10:56:00,70.80205574259458,6582.0,경기도,상세주소1977
R01978,2023-03-24 10:00:00,261946.34489489594,Tue,0,23,16,2023-03-24 10:52:00,74.01305100053949,12741.0,서울특별시,상세주소1978
R01979,2023-03-24 11:00:00,252738.1364707508,Mon,20,28,46,2023-03-24 14:59:00,70.24289052992472,12953.0,서울특별시,상세주소1979
R01980,2023-03-24 12:00:00,56644.32393603692,Wed,6,21,8,2023-03-24 13:15:00,49.29502905687197,4136.0,경기도,상세주소1980
R01981,2023-03-24 13:00:00,240990.3496289174,Tue,22,7,9,2023-03-24 13:57:00,56.366608770665906,15391.0,-,상세주소1981
R01982,2023-03-24 14:00:00,137997.8791346299,Sat,12,13,7,2023-03-24 14:55:00,36.40944827713409,13644.0,서울특별시,상세주소1982
R01983,2023-03-24 15:00:00,145407.6927535212,Sun,11,20,20,2023-03-24 19:55:00,69.28677309275253,7555.0,서울특별시,상세주소1983
R01984,2023-03-24 16:00:00,40910.511752367194,Tue,17,24,12,2023-03-24 19:24:00,92.06720534270244,1599.0,경기도,상세주소1984
R01985,2023-03-24 17:00:00,25099.852613380273,Tue,23,29,49,2023-03-24 17:33:00,69.24401798134778,1304.0,서울특별시,상세주소1985
R01986,2023-03-24 18:00:00,218653.8527851558,Sat,18,27,4,2023-03-24 19:36:00,46.09998528345893,17074.0,충청남도,상세주소1986
R01987,2023-03-24 19:00:00,149441.88455423462,Sun,14,30,5,2023-03-24 21:44:00,79.89583705398451,6733.0,경기도,상세주소1987
R01988,2023-03-24 20:00:00,131618.36008193868,Wed,7,26,29,2023-03-24 21:24:00,107.31293389557872,4415.0,경기도,상세주소1988
R01989,2023-03-24 21:00:00,219122.9603670666,Thu,18,13,30,2023-03-24 22:00:00,64.8629954322723,12161.0,경기도,상세주소1989
R01990,2023-03-24 22:00:00,229888.35679834182,Wed,9,27,16,2023-03-24 23:43:00,71.08945687709335,11641.0,-,상세주소1990
R01991,2023-03-24 23:00:00,48513.54213313672,Sun,6,26,10,2023-03-24 23:48:00,73.55402188132088,2374.0,경기도,상세주소1991
R01992,2023-03-25 00:00:00,183457.31969381473,Fri,17,7,19,2023-03-25 03:05:00,27.91085468296525,23662.0,충청남도,상세주소1992
R01993,2023-03-25 01:00:00,41470.87060102797,Sat,15,10,47,2023-03-25 04:05:00,51.7775565462943,2883.0,경기도,상세주소1993
R01994,2023-03-25 02:00:00,225661.15072268466,Wed,19,15,8,2023-03-25 04:56:00,49.72267156939055,16338.0,서울특별시,상세주소1994
R01995,2023-03-25 03:00:00,197429.5917238747,Tue,5,21,1,2023-03-25 04:56:00,76.69733297791896,9266.0,서울특별시,상세주소1995
R01996,2023-03-25 04:00:00,287027.7717039539,Sat,8,27,36,2023-03-25 04:49:00,74.36738615788164,13894.0,경기도,상세주소1996
R01997,2023-03-25 05:00:00,21618.446890569932,Mon,20,6,0,2023-03-25 09:58:00,57.58526514534104,1351.0,서울특별시,상세주소1997
R01998,2023-03-25 06:00:00,18059.36162422504,Sun,12,5,3,2023-03-25 07:12:00,48.522438819825695,1339.0,경기도,상세주소1998
R01999,2023-03-25 07:00:00,85373.93533326684,Wed,20,23,35,2023-03-25 07:57:00,26.26808080586433,11700.0,경기도,상세주소1999
